geoname,sumlevel,year,A1,A2,A3,A4,A5,A6,A7,A8,A9,A10,A11,A12,A13,A14,A15,A16,A17,A18,B1,B2,B3,B4,B5,B6,B7,B8,B9,C1,C2,C3,C4,C5,C6,D1,D2,D3,D4,D5,D6,D7,D8,D9,D10,D11,D12,E1,E2,E3,E5,E6,E7,E9,E10,E11,E13,E14,E15,E17,E18,E19,E21,E22,E23,F1,F2,F3,F5,F6,F7,F9,F10,F11,F13,F14,F15,F17,F18,F19,F21,F22,F23,G1,G2,G3,G5,G6,G7,G9,G10,G11,G13,G14,G15,G17,G18,G19,H1,H2,H4,H5,H7,H8,H10,H11,H13,H14,H16,I1,I2,I4,I5,I7,I8,I10,I11,I13,I14,I16,J1,J2,J4,J5,J7,J8,J10,J11,J13,J14,J16
"New York city, New York",City,2008-2012,87285.0,612550.0,699835.0,95430.0,325265.0,420695.0,144425.0,358200.0,502625.0,95130.0,175470.0,270600.0,568335.0,601305.0,1169640.0,990610.0,2072785.0,3063395.0,414450.0,1127870.0,1542320.0,568265.0,900750.0,1469015.0,7895.0,44165.0,52060.0,242615.0,737350.0,979965.0,740100.0,1291270.0,2031370.0,594515.0,1022220.0,1616735.0,182195.0,444760.0,626955.0,205655.0,556225.0,761880.0,8240.0,49575.0,57815.0,557485.0,90290.0,52060.0,334000.0,86700.0,0.0,301300.0,201315.0,0.0,113900.0,156705.0,0.0,235635.0,934000.0,0.0,1542320.0,1469015.0,52060.0,485275.0,83110.0,44165.0,261230.0,64035.0,0.0,215020.0,143175.0,0.0,65185.0,110285.0,0.0,101160.0,500140.0,0.0,1127870.0,900750.0,44165.0,72210.0,7180.0,7895.0,72770.0,22665.0,0.0,86280.0,58140.0,0.0,48715.0,46420.0,0.0,134475.0,433860.0,0.0,542895.0,446290.0,319585.0,172570.0,261375.0,86740.0,91315.0,26305.0,173670.0,29975.0,1388840.0,471315.0,383880.0,248255.0,124965.0,177925.0,35845.0,45740.0,6570.0,57750.0,4965.0,1000985.0,71575.0,62410.0,71325.0,47600.0,83450.0,50895.0,45580.0,19740.0,115920.0,25010.0,387850.0
"Camden city, New Jersey",City,2008-2012,2120.0,7775.0,9895.0,1750.0,3005.0,4755.0,2370.0,1940.0,4310.0,1410.0,570.0,1980.0,2225.0,1560.0,3785.0,9875.0,14855.0,24730.0,4325.0,9850.0,14175.0,5390.0,4430.0,9820.0,165.0,570.0,735.0,2555.0,6860.0,9415.0,7155.0,7420.0,14575.0,5615.0,4960.0,10575.0,1845.0,3330.0,5175.0,2235.0,5940.0,8175.0,175.0,630.0,805.0,8200.0,960.0,735.0,3335.0,1415.0,0.0,1780.0,2535.0,0.0,395.0,1585.0,0.0,470.0,3320.0,0.0,14175.0,9820.0,735.0,6460.0,745.0,570.0,2315.0,685.0,0.0,755.0,1190.0,0.0,145.0,425.0,0.0,180.0,1385.0,0.0,9850.0,4430.0,570.0,1740.0,215.0,165.0,1020.0,730.0,0.0,1025.0,1345.0,0.0,250.0,1160.0,0.0,290.0,1935.0,0.0,8005.0,6405.0,3270.0,1330.0,1545.0,330.0,300.0,65.0,230.0,45.0,13350.0,6285.0,4990.0,2265.0,900.0,625.0,30.0,60.0,20.0,35.0,0.0,9270.0,1720.0,1415.0,1005.0,430.0,920.0,300.0,240.0,45.0,195.0,45.0,4080.0
"Jersey City city, New Jersey",City,2008-2012,1300.0,15515.0,16815.0,2105.0,9055.0,11160.0,3605.0,10425.0,14030.0,2680.0,5650.0,8330.0,19320.0,25790.0,45110.0,29015.0,66440.0,95455.0,13725.0,31980.0,45705.0,15170.0,32605.0,47775.0,120.0,1855.0,1975.0,7185.0,20050.0,27235.0,21710.0,44535.0,66245.0,15865.0,35690.0,51555.0,6730.0,13420.0,20150.0,6300.0,15230.0,21530.0,120.0,2090.0,2210.0,12940.0,1900.0,1975.0,9615.0,1545.0,0.0,9775.0,4255.0,0.0,3805.0,4525.0,0.0,9565.0,35550.0,0.0,45705.0,47775.0,1975.0,11790.0,1870.0,1855.0,7660.0,1395.0,0.0,7025.0,3395.0,0.0,1945.0,3705.0,0.0,3555.0,22240.0,0.0,31980.0,32605.0,1855.0,1150.0,30.0,120.0,1955.0,150.0,0.0,2750.0,860.0,0.0,1860.0,820.0,0.0,6010.0,13310.0,0.0,12625.0,10855.0,9355.0,5255.0,9020.0,2890.0,3190.0,1285.0,7495.0,1255.0,41685.0,11470.0,9765.0,7440.0,3870.0,6290.0,1180.0,1420.0,230.0,2030.0,185.0,28650.0,1150.0,1085.0,1915.0,1385.0,2735.0,1710.0,1770.0,1055.0,5460.0,1065.0,13030.0
"Newark city, New Jersey",City,2008-2012,2700.0,28770.0,31470.0,2765.0,14790.0,17555.0,3380.0,10185.0,13565.0,2530.0,5770.0,8300.0,10275.0,11135.0,21410.0,21650.0,70650.0,92305.0,12445.0,40925.0,53370.0,8920.0,27930.0,36850.0,285.0,1800.0,2085.0,7310.0,25705.0,33015.0,14060.0,43150.0,57210.0,9225.0,31425.0,40650.0,5420.0,16975.0,22395.0,6725.0,20270.0,26995.0,285.0,1980.0,2265.0,24100.0,5280.0,2085.0,14265.0,3295.0,0.0,7475.0,6090.0,0.0,2860.0,5440.0,0.0,4675.0,16735.0,0.0,53370.0,36850.0,2085.0,21730.0,5240.0,1800.0,11835.0,2955.0,0.0,5030.0,5155.0,0.0,1145.0,4625.0,0.0,1190.0,9945.0,0.0,40925.0,27930.0,1800.0,2370.0,40.0,285.0,2430.0,340.0,0.0,2445.0,935.0,0.0,1715.0,815.0,0.0,3485.0,6790.0,0.0,23440.0,18760.0,13690.0,5090.0,6525.0,1795.0,2340.0,690.0,3400.0,660.0,49395.0,21070.0,16555.0,11260.0,3480.0,4080.0,235.0,635.0,0.0,200.0,0.0,37245.0,2370.0,2205.0,2430.0,1610.0,2440.0,1560.0,1705.0,690.0,3200.0,660.0,12145.0
"Philadelphia city, Pennsylvania",City,2008-2012,58955.0,105485.0,164440.0,44965.0,45785.0,90750.0,59670.0,47530.0,107200.0,33265.0,21660.0,54925.0,117225.0,45975.0,163200.0,314075.0,266435.0,580510.0,102540.0,140995.0,243535.0,206540.0,114535.0,321075.0,4995.0,10900.0,15895.0,51600.0,89290.0,140890.0,257480.0,166245.0,423725.0,211270.0,120640.0,331910.0,52425.0,54310.0,106735.0,45090.0,79910.0,125000.0,5285.0,11570.0,16855.0,121685.0,26860.0,15895.0,57285.0,33465.0,0.0,40890.0,66310.0,0.0,11350.0,43575.0,0.0,12330.0,150870.0,0.0,243535.0,321075.0,15895.0,78565.0,16020.0,10900.0,34865.0,10920.0,0.0,19845.0,27685.0,0.0,4310.0,17350.0,0.0,3410.0,42565.0,0.0,140995.0,114535.0,10900.0,43120.0,10840.0,4995.0,22420.0,22545.0,0.0,21045.0,38625.0,0.0,7040.0,26225.0,0.0,8920.0,108305.0,0.0,119430.0,95130.0,55285.0,21325.0,37850.0,6880.0,9705.0,1010.0,9470.0,660.0,231740.0,77090.0,65630.0,33730.0,11605.0,18050.0,2190.0,3460.0,335.0,1890.0,150.0,134220.0,42340.0,29500.0,21555.0,9720.0,19800.0,4690.0,6235.0,670.0,7585.0,510.0,97515.0
"Los Angeles city, California",City,2008-2012,46020.0,253545.0,299565.0,50860.0,155750.0,206610.0,80145.0,155075.0,235220.0,50500.0,67870.0,118370.0,273125.0,184765.0,457890.0,500655.0,817010.0,1317665.0,252175.0,523480.0,775655.0,244085.0,276450.0,520535.0,4395.0,17075.0,21470.0,146350.0,368715.0,515065.0,349910.0,431220.0,781130.0,258575.0,343560.0,602135.0,114325.0,202215.0,316540.0,123275.0,250895.0,374170.0,4485.0,20335.0,24820.0,250660.0,27430.0,21470.0,178895.0,27715.0,0.0,163080.0,72145.0,0.0,60900.0,57470.0,0.0,122110.0,335780.0,0.0,775655.0,520535.0,21470.0,213820.0,22650.0,17075.0,140855.0,14895.0,0.0,106550.0,48525.0,0.0,29365.0,38505.0,0.0,32885.0,151880.0,0.0,523480.0,276450.0,17075.0,36840.0,4780.0,4395.0,38040.0,12820.0,0.0,56530.0,23620.0,0.0,31535.0,18965.0,0.0,89225.0,183900.0,0.0,243705.0,206485.0,164555.0,83740.0,132545.0,48105.0,49410.0,14600.0,100500.0,21250.0,690715.0,207210.0,174875.0,127380.0,55655.0,79520.0,17025.0,20345.0,2375.0,18655.0,965.0,453110.0,36500.0,31610.0,37175.0,28085.0,53020.0,31075.0,29060.0,12220.0,81845.0,20285.0,237600.0
"Long Beach city, California",City,2008-2012,4565.0,27935.0,32500.0,6500.0,17815.0,24315.0,10190.0,19730.0,29920.0,6485.0,9200.0,15685.0,38225.0,20950.0,59175.0,65965.0,95625.0,161590.0,29105.0,57560.0,86665.0,36525.0,36705.0,73230.0,330.0,1360.0,1690.0,14970.0,39990.0,54960.0,50660.0,54275.0,104935.0,38670.0,44040.0,82710.0,15145.0,22410.0,37555.0,11805.0,27735.0,39540.0,340.0,1450.0,1790.0,28020.0,2780.0,1690.0,20270.0,4035.0,0.0,17630.0,12290.0,0.0,7420.0,8265.0,0.0,13315.0,45860.0,0.0,86665.0,73230.0,1690.0,24495.0,2075.0,1360.0,15805.0,2005.0,0.0,11230.0,8500.0,0.0,3535.0,5665.0,0.0,2490.0,18460.0,0.0,57560.0,36705.0,1360.0,3525.0,705.0,330.0,4465.0,2030.0,0.0,6400.0,3790.0,0.0,3885.0,2600.0,0.0,10825.0,27400.0,0.0,27475.0,23265.0,18690.0,8835.0,14500.0,4395.0,5510.0,1260.0,10925.0,1790.0,77100.0,23995.0,20275.0,14410.0,5820.0,8500.0,1415.0,2020.0,175.0,1220.0,50.0,50145.0,3480.0,2985.0,4275.0,3015.0,6000.0,2980.0,3490.0,1085.0,9705.0,1740.0,26950.0
"Anaheim city, California",City,2008-2012,3905.0,14985.0,18890.0,5260.0,11675.0,16935.0,9285.0,11780.0,21065.0,6260.0,4665.0,10925.0,22910.0,7710.0,30620.0,47620.0,50810.0,98435.0,21930.0,35565.0,57495.0,25605.0,14515.0,40120.0,90.0,730.0,820.0,12090.0,25675.0,37765.0,35445.0,24410.0,59855.0,27740.0,19815.0,47555.0,10740.0,14260.0,25000.0,9025.0,15780.0,24805.0,115.0,955.0,1070.0,16205.0,1860.0,820.0,14540.0,2395.0,0.0,14085.0,6985.0,0.0,5190.0,5735.0,0.0,7480.0,23140.0,0.0,57495.0,40120.0,820.0,13120.0,1130.0,730.0,11065.0,610.0,0.0,8035.0,3745.0,0.0,1775.0,2890.0,0.0,1570.0,6140.0,0.0,35565.0,14515.0,730.0,3085.0,730.0,90.0,3475.0,1785.0,0.0,6050.0,3240.0,0.0,3415.0,2845.0,0.0,5910.0,17000.0,0.0,15750.0,13745.0,13795.0,6530.0,10965.0,3235.0,3865.0,705.0,5430.0,590.0,49805.0,12765.0,11175.0,10465.0,4110.0,5430.0,460.0,855.0,25.0,525.0,10.0,30040.0,2985.0,2570.0,3330.0,2420.0,5535.0,2775.0,3010.0,680.0,4905.0,580.0,19765.0
"Chicago city, Illinois",City,2008-2012,40115.0,172750.0,212865.0,46415.0,93090.0,139505.0,69495.0,99975.0,169470.0,44410.0,46310.0,90720.0,274175.0,143350.0,417525.0,474600.0,555475.0,1030075.0,193970.0,291285.0,485255.0,276605.0,245465.0,522070.0,4030.0,18720.0,22750.0,100020.0,182425.0,282445.0,370550.0,354330.0,724880.0,284545.0,265580.0,550125.0,98180.0,119240.0,217420.0,87715.0,150400.0,238115.0,4160.0,20250.0,24410.0,168220.0,21895.0,22750.0,112870.0,26635.0,0.0,94335.0,75135.0,0.0,35730.0,54985.0,0.0,74105.0,343420.0,0.0,485255.0,522070.0,22750.0,134950.0,19080.0,18720.0,78735.0,14355.0,0.0,51375.0,48600.0,0.0,11965.0,34340.0,0.0,14260.0,129090.0,0.0,291285.0,245465.0,18720.0,33270.0,2815.0,4030.0,34135.0,12280.0,0.0,42960.0,26535.0,0.0,23765.0,20645.0,0.0,59845.0,214330.0,0.0,165120.0,139675.0,109295.0,53295.0,85865.0,27550.0,32025.0,7555.0,63220.0,10030.0,455525.0,132065.0,111600.0,75550.0,30495.0,44170.0,7070.0,9470.0,815.0,8385.0,420.0,269640.0,33055.0,28075.0,33745.0,22800.0,41700.0,20485.0,22555.0,6740.0,54840.0,9615.0,185895.0
"Naperville city, Illinois",City,2008-2012,950.0,1310.0,2260.0,1300.0,1195.0,2495.0,2505.0,1795.0,4300.0,2080.0,1280.0,3360.0,30910.0,5680.0,36590.0,37740.0,11250.0,48990.0,10040.0,4280.0,14320.0,27595.0,6870.0,34465.0,105.0,105.0,210.0,4000.0,2385.0,6385.0,33635.0,8765.0,42400.0,27805.0,7060.0,34865.0,6080.0,1965.0,8045.0,3755.0,2115.0,5870.0,105.0,110.0,215.0,1900.0,150.0,210.0,2120.0,365.0,0.0,2915.0,1385.0,0.0,1740.0,1620.0,0.0,5645.0,30945.0,0.0,14320.0,34465.0,210.0,1085.0,120.0,105.0,1065.0,125.0,0.0,1205.0,590.0,0.0,490.0,790.0,0.0,435.0,5245.0,0.0,4280.0,6870.0,105.0,815.0,30.0,105.0,1055.0,240.0,0.0,1710.0,795.0,0.0,1250.0,830.0,0.0,5210.0,25700.0,0.0,1895.0,1745.0,2120.0,1640.0,2895.0,1185.0,1675.0,535.0,5325.0,755.0,13910.0,1080.0,970.0,1065.0,865.0,1190.0,180.0,455.0,65.0,290.0,35.0,4080.0,815.0,780.0,1055.0,775.0,1705.0,1005.0,1225.0,475.0,5035.0,720.0,9835.0
"Elgin city, Illinois",City,2008-2012,1205.0,2405.0,3610.0,2075.0,2550.0,4625.0,4485.0,2640.0,7125.0,2885.0,805.0,3690.0,14330.0,1915.0,16245.0,24980.0,10320.0,35300.0,10335.0,5960.0,16295.0,14530.0,4235.0,18765.0,115.0,125.0,240.0,4440.0,3455.0,7895.0,20425.0,6740.0,27165.0,15005.0,4715.0,19720.0,6315.0,3150.0,9465.0,3525.0,2330.0,5855.0,130.0,125.0,255.0,2960.0,415.0,240.0,4120.0,500.0,0.0,4580.0,2545.0,0.0,1765.0,1925.0,0.0,2870.0,13385.0,0.0,16295.0,18765.0,240.0,1930.0,355.0,125.0,2330.0,220.0,0.0,1340.0,1300.0,0.0,155.0,650.0,0.0,205.0,1715.0,0.0,5960.0,4235.0,125.0,1030.0,60.0,115.0,1790.0,280.0,0.0,3240.0,1245.0,0.0,1610.0,1275.0,0.0,2665.0,11670.0,0.0,2910.0,2475.0,4020.0,1810.0,4295.0,1265.0,1575.0,95.0,2530.0,210.0,15330.0,1930.0,1555.0,2225.0,695.0,1160.0,80.0,95.0,0.0,70.0,0.0,5480.0,980.0,920.0,1795.0,1115.0,3130.0,1185.0,1475.0,95.0,2460.0,210.0,9840.0
"Dallas city, Texas",City,2008-2012,19565.0,63295.0,82860.0,23550.0,46465.0,70015.0,32725.0,52055.0,84780.0,19125.0,24435.0,43560.0,107920.0,67840.0,175760.0,202880.0,254090.0,456970.0,68465.0,127095.0,195560.0,132325.0,118510.0,250835.0,2095.0,8485.0,10580.0,34920.0,77400.0,112320.0,165865.0,168205.0,334070.0,138900.0,133020.0,271920.0,35445.0,57555.0,93000.0,26335.0,54480.0,80815.0,2205.0,9025.0,11230.0,64670.0,7610.0,10580.0,55480.0,14535.0,0.0,41835.0,42945.0,0.0,12660.0,30895.0,0.0,20915.0,154845.0,0.0,195560.0,250835.0,10580.0,49725.0,5085.0,8485.0,39870.0,6595.0,0.0,25255.0,26800.0,0.0,6290.0,18140.0,0.0,5955.0,61885.0,0.0,127095.0,118510.0,8485.0,14945.0,2525.0,2095.0,15610.0,7940.0,0.0,16580.0,16145.0,0.0,6370.0,12755.0,0.0,14960.0,92960.0,0.0,63215.0,51620.0,51280.0,18135.0,34340.0,6460.0,8870.0,1840.0,16120.0,2765.0,173825.0,48700.0,40605.0,36485.0,10755.0,19950.0,2355.0,3815.0,450.0,3085.0,315.0,112035.0,14510.0,11015.0,14795.0,7375.0,14390.0,4105.0,5050.0,1390.0,13035.0,2450.0,61780.0
"Fort Worth city, Texas",City,2008-2012,12110.0,27750.0,39860.0,14755.0,19005.0,33760.0,23160.0,22015.0,45175.0,15210.0,10460.0,25670.0,89290.0,27860.0,117150.0,154530.0,107090.0,261615.0,42915.0,53745.0,96660.0,110720.0,51230.0,161950.0,895.0,2115.0,3010.0,20720.0,31495.0,52215.0,132915.0,73480.0,206395.0,115330.0,55425.0,170755.0,23110.0,24740.0,47850.0,15125.0,24745.0,39870.0,970.0,2180.0,3150.0,32050.0,4800.0,3010.0,24980.0,8780.0,0.0,22630.0,22545.0,0.0,6890.0,18775.0,0.0,10105.0,107045.0,0.0,96660.0,161950.0,3010.0,22660.0,2975.0,2115.0,15980.0,3025.0,0.0,10970.0,11045.0,0.0,2080.0,8375.0,0.0,2055.0,25805.0,0.0,53745.0,51230.0,2115.0,9390.0,1825.0,895.0,9000.0,5755.0,0.0,11660.0,11500.0,0.0,4810.0,10400.0,0.0,8050.0,81240.0,0.0,31410.0,25225.0,23535.0,9610.0,19285.0,3815.0,5570.0,540.0,7915.0,680.0,87715.0,22355.0,18150.0,15305.0,5205.0,9275.0,1155.0,1465.0,125.0,1085.0,110.0,49485.0,9055.0,7075.0,8230.0,4405.0,10010.0,2660.0,4110.0,415.0,6830.0,570.0,38235.0
"Arlington city, Texas",City,2008-2012,3395.0,12690.0,16085.0,5065.0,10425.0,15490.0,10825.0,13800.0,24625.0,8015.0,6120.0,14135.0,48970.0,12935.0,61905.0,76270.0,55975.0,132245.0,20765.0,29075.0,49840.0,55180.0,25765.0,80945.0,325.0,1140.0,1465.0,9295.0,17290.0,26585.0,66645.0,37550.0,104195.0,56955.0,28070.0,85025.0,12085.0,13480.0,25565.0,6905.0,13165.0,20070.0,325.0,1255.0,1580.0,13720.0,900.0,1465.0,12915.0,2585.0,0.0,13250.0,11380.0,0.0,4580.0,9555.0,0.0,5380.0,56525.0,0.0,49840.0,80945.0,1465.0,10915.0,635.0,1140.0,9215.0,1215.0,0.0,6960.0,6845.0,0.0,1170.0,4950.0,0.0,815.0,12120.0,0.0,29075.0,25765.0,1140.0,2805.0,265.0,325.0,3700.0,1370.0,0.0,6290.0,4535.0,0.0,3410.0,4605.0,0.0,4565.0,44405.0,0.0,13565.0,11620.0,12530.0,5100.0,11925.0,2390.0,3650.0,455.0,3970.0,500.0,45640.0,10775.0,9375.0,8940.0,2925.0,5985.0,750.0,650.0,90.0,295.0,25.0,26645.0,2790.0,2245.0,3590.0,2175.0,5945.0,1645.0,2995.0,365.0,3670.0,475.0,18990.0
"Houston city, Texas",City,2008-2012,31700.0,100810.0,132510.0,36120.0,76500.0,112620.0,54240.0,86190.0,140430.0,31985.0,37245.0,69230.0,201175.0,117485.0,318660.0,355220.0,418230.0,773450.0,104890.0,214185.0,319075.0,246850.0,194250.0,441100.0,3475.0,9790.0,13265.0,54660.0,133005.0,187665.0,297080.0,275435.0,572515.0,258235.0,217705.0,475940.0,52910.0,94755.0,147665.0,40460.0,95075.0,135535.0,3615.0,10700.0,14315.0,107955.0,11295.0,13265.0,88095.0,24520.0,0.0,68750.0,71680.0,0.0,19955.0,49280.0,0.0,34330.0,284330.0,0.0,319075.0,441100.0,13265.0,84745.0,6280.0,9790.0,66310.0,10185.0,0.0,42190.0,44000.0,0.0,9535.0,27715.0,0.0,11410.0,106075.0,0.0,214185.0,194250.0,9790.0,23210.0,5015.0,3475.0,21785.0,14335.0,0.0,26560.0,27680.0,0.0,10420.0,21565.0,0.0,22920.0,178255.0,0.0,105610.0,87440.0,82510.0,31870.0,56885.0,11270.0,14585.0,1920.0,23610.0,3035.0,283200.0,82955.0,69710.0,61790.0,20380.0,33480.0,4170.0,6135.0,480.0,5470.0,335.0,189830.0,22655.0,17730.0,20720.0,11490.0,23405.0,7100.0,8450.0,1440.0,18140.0,2700.0,93370.0
"The Woodlands CDP, Texas",City,2008-2012,800.0,1340.0,2140.0,1065.0,950.0,2015.0,1545.0,1570.0,3115.0,1555.0,930.0,2485.0,21595.0,4100.0,25695.0,26565.0,8885.0,35450.0,5665.0,3480.0,9145.0,20705.0,5360.0,26065.0,195.0,45.0,240.0,2335.0,1565.0,3900.0,24035.0,7275.0,31310.0,20760.0,5585.0,26345.0,3375.0,1930.0,5305.0,2240.0,1315.0,3555.0,195.0,45.0,240.0,1490.0,405.0,240.0,1565.0,450.0,0.0,2235.0,880.0,0.0,1240.0,1250.0,0.0,2615.0,23080.0,0.0,9145.0,26065.0,240.0,920.0,370.0,45.0,665.0,285.0,0.0,1230.0,340.0,0.0,335.0,595.0,0.0,330.0,3770.0,0.0,3480.0,5360.0,45.0,570.0,35.0,195.0,900.0,165.0,0.0,1005.0,540.0,0.0,905.0,655.0,0.0,2285.0,19310.0,0.0,1490.0,1230.0,1565.0,775.0,2140.0,665.0,1205.0,290.0,2455.0,590.0,8855.0,920.0,675.0,665.0,320.0,1135.0,240.0,300.0,45.0,225.0,35.0,3245.0,575.0,560.0,900.0,455.0,1005.0,425.0,905.0,245.0,2230.0,555.0,5615.0
"Sugar Land city, Texas",City,2008-2012,765.0,415.0,1180.0,640.0,390.0,1030.0,1350.0,790.0,2140.0,795.0,610.0,1405.0,17255.0,2685.0,19940.0,20805.0,4890.0,25695.0,5205.0,1735.0,6940.0,15470.0,3060.0,18530.0,130.0,100.0,230.0,2395.0,1055.0,3450.0,18280.0,3740.0,22020.0,15645.0,3255.0,18900.0,2810.0,715.0,3525.0,2215.0,805.0,3020.0,130.0,115.0,245.0,865.0,80.0,230.0,895.0,135.0,0.0,1410.0,740.0,0.0,920.0,485.0,0.0,2850.0,17090.0,0.0,6940.0,18530.0,230.0,270.0,45.0,100.0,345.0,45.0,0.0,555.0,240.0,0.0,380.0,230.0,0.0,185.0,2500.0,0.0,1735.0,3060.0,100.0,595.0,35.0,130.0,550.0,90.0,0.0,855.0,500.0,0.0,540.0,255.0,0.0,2665.0,14590.0,0.0,855.0,815.0,880.0,715.0,1370.0,615.0,810.0,320.0,2635.0,555.0,6550.0,255.0,255.0,325.0,315.0,535.0,205.0,275.0,15.0,130.0,15.0,1520.0,600.0,560.0,550.0,400.0,835.0,410.0,540.0,310.0,2500.0,535.0,5025.0
"Washington city, District of Columbia",City,2008-2012,9565.0,48030.0,57595.0,8550.0,22440.0,30990.0,8895.0,16970.0,25865.0,8375.0,12860.0,21235.0,75465.0,50035.0,125500.0,110855.0,150340.0,261190.0,33665.0,71115.0,104780.0,76495.0,74805.0,151300.0,690.0,4420.0,5110.0,15505.0,41855.0,57360.0,94655.0,104065.0,198720.0,77875.0,78770.0,156645.0,18505.0,31420.0,49925.0,13750.0,35580.0,49330.0,730.0,4565.0,5295.0,42800.0,9685.0,5110.0,21295.0,9695.0,0.0,12965.0,12900.0,0.0,8915.0,12320.0,0.0,18795.0,106705.0,0.0,104780.0,151300.0,5110.0,35460.0,8150.0,4420.0,15825.0,6615.0,0.0,8220.0,8750.0,0.0,5180.0,7680.0,0.0,6425.0,43610.0,0.0,71115.0,74805.0,4420.0,7340.0,1535.0,690.0,5470.0,3080.0,0.0,4745.0,4150.0,0.0,3735.0,4640.0,0.0,12370.0,63095.0,0.0,42100.0,33320.0,20495.0,8885.0,12275.0,3665.0,8220.0,1745.0,16170.0,1720.0,99260.0,34815.0,27410.0,15110.0,5785.0,7585.0,1560.0,4615.0,560.0,4875.0,265.0,67000.0,7285.0,5910.0,5380.0,3095.0,4690.0,2105.0,3605.0,1185.0,11295.0,1455.0,32255.0
"Arlington CDP, Virginia",City,2008-2012,1625.0,6950.0,8575.0,1550.0,4895.0,6445.0,1835.0,4340.0,6175.0,2440.0,4365.0,6805.0,35245.0,29745.0,64990.0,42695.0,50295.0,92990.0,10460.0,18705.0,29165.0,32115.0,31050.0,63165.0,120.0,540.0,660.0,3500.0,9510.0,13010.0,39075.0,40245.0,79320.0,32360.0,32180.0,64540.0,7085.0,9550.0,16635.0,3135.0,8000.0,11135.0,120.0,570.0,690.0,7135.0,780.0,660.0,5595.0,845.0,0.0,4135.0,2040.0,0.0,3490.0,3310.0,0.0,8800.0,56185.0,0.0,29165.0,63165.0,660.0,5715.0,695.0,540.0,4460.0,435.0,0.0,3130.0,1210.0,0.0,2315.0,2050.0,0.0,3080.0,26660.0,0.0,18705.0,31050.0,540.0,1420.0,85.0,120.0,1135.0,410.0,0.0,1005.0,830.0,0.0,1175.0,1260.0,0.0,5720.0,29525.0,0.0,7065.0,6305.0,5420.0,2540.0,3815.0,1055.0,3365.0,520.0,8100.0,710.0,27765.0,5645.0,5145.0,4300.0,1870.0,2825.0,680.0,2210.0,210.0,2570.0,95.0,17550.0,1425.0,1165.0,1120.0,670.0,990.0,375.0,1155.0,310.0,5530.0,615.0,10220.0
"Alexandria city, Virginia",City,2008-2012,1340.0,5565.0,6905.0,1180.0,5030.0,6210.0,1550.0,4780.0,6330.0,1765.0,4580.0,6345.0,22570.0,16370.0,38940.0,28405.0,36325.0,64730.0,7245.0,14990.0,22235.0,21115.0,20835.0,41950.0,45.0,500.0,545.0,2520.0,6860.0,9380.0,25835.0,28965.0,54800.0,21215.0,21555.0,42770.0,4850.0,8655.0,13505.0,2295.0,5600.0,7895.0,45.0,515.0,560.0,5530.0,830.0,545.0,5200.0,1005.0,0.0,3780.0,2550.0,0.0,2870.0,3480.0,0.0,4855.0,34085.0,0.0,22235.0,41950.0,545.0,4355.0,710.0,500.0,4445.0,585.0,0.0,2985.0,1795.0,0.0,1805.0,2775.0,0.0,1400.0,14970.0,0.0,14990.0,20835.0,500.0,1175.0,120.0,45.0,755.0,420.0,0.0,795.0,755.0,0.0,1065.0,705.0,0.0,3455.0,19115.0,0.0,5455.0,4510.0,5185.0,2085.0,3535.0,495.0,2770.0,315.0,4460.0,495.0,21405.0,4280.0,3525.0,4425.0,1730.0,2740.0,250.0,1705.0,40.0,1105.0,55.0,14255.0,1170.0,980.0,760.0,355.0,795.0,245.0,1065.0,275.0,3355.0,440.0,7145.0
"Miami city, Florida",City,2008-2012,7945.0,36535.0,44480.0,7130.0,19775.0,26905.0,8690.0,17745.0,26435.0,4455.0,7200.0,11655.0,22910.0,18680.0,41590.0,51130.0,99930.0,151065.0,25985.0,64880.0,90865.0,24285.0,31855.0,56140.0,860.0,3195.0,4055.0,16440.0,40840.0,57280.0,33830.0,55895.0,89725.0,25335.0,35145.0,60480.0,10125.0,26165.0,36290.0,14810.0,35130.0,49940.0,860.0,3490.0,4350.0,33875.0,6545.0,4055.0,22790.0,4115.0,0.0,17780.0,8655.0,0.0,5440.0,6210.0,0.0,10985.0,30605.0,0.0,90865.0,56140.0,4055.0,27585.0,5750.0,3195.0,17860.0,1915.0,0.0,12490.0,5255.0,0.0,3030.0,4165.0,0.0,3915.0,14765.0,0.0,64880.0,31855.0,3195.0,6290.0,795.0,860.0,4930.0,2200.0,0.0,5290.0,3400.0,0.0,2410.0,2045.0,0.0,7070.0,15840.0,0.0,33310.0,28020.0,22455.0,13420.0,16370.0,5345.0,4690.0,1425.0,9410.0,1735.0,86235.0,27045.0,22805.0,17690.0,9900.0,11245.0,2110.0,2395.0,235.0,2920.0,80.0,61295.0,6265.0,5215.0,4765.0,3520.0,5120.0,3230.0,2295.0,1190.0,6490.0,1655.0,24935.0
"Fort Lauderdale city, Florida",City,2008-2012,3810.0,7860.0,11670.0,3990.0,5405.0,9395.0,6060.0,5905.0,11965.0,3240.0,3190.0,6430.0,22080.0,9935.0,32015.0,39180.0,32295.0,71475.0,17045.0,17910.0,34955.0,21635.0,13545.0,35180.0,500.0,845.0,1345.0,9850.0,10845.0,20695.0,28825.0,20605.0,49430.0,22145.0,14335.0,36480.0,7550.0,7675.0,15225.0,8975.0,9390.0,18365.0,520.0,895.0,1415.0,9530.0,795.0,1345.0,8100.0,1290.0,0.0,7465.0,4500.0,0.0,3095.0,3335.0,0.0,6755.0,25255.0,0.0,34955.0,35180.0,1345.0,6555.0,460.0,845.0,4845.0,555.0,0.0,3760.0,2145.0,0.0,1270.0,1920.0,0.0,1470.0,8460.0,0.0,17910.0,13545.0,845.0,2975.0,335.0,500.0,3255.0,735.0,0.0,3705.0,2355.0,0.0,1825.0,1415.0,0.0,5285.0,16795.0,0.0,9410.0,8360.0,7960.0,4935.0,7080.0,2785.0,2870.0,825.0,6265.0,1460.0,33585.0,6455.0,5895.0,4740.0,2560.0,3545.0,685.0,1120.0,115.0,1205.0,135.0,17065.0,2955.0,2465.0,3225.0,2380.0,3540.0,2100.0,1745.0,705.0,5060.0,1325.0,16525.0
"West Palm Beach city, Florida",City,2008-2012,2115.0,5245.0,7360.0,2530.0,3565.0,6095.0,3660.0,4080.0,7740.0,2340.0,2255.0,4595.0,11090.0,4585.0,15675.0,21735.0,19730.0,41470.0,8960.0,11155.0,20115.0,12480.0,8065.0,20545.0,295.0,510.0,805.0,4690.0,6680.0,11370.0,16750.0,12540.0,29290.0,12710.0,8705.0,21415.0,4435.0,4810.0,9245.0,4300.0,5705.0,10005.0,295.0,510.0,805.0,5660.0,890.0,805.0,5080.0,1015.0,0.0,4880.0,2860.0,0.0,1875.0,2715.0,0.0,2620.0,13055.0,0.0,20115.0,20545.0,805.0,4020.0,710.0,510.0,3215.0,350.0,0.0,2700.0,1380.0,0.0,805.0,1450.0,0.0,415.0,4170.0,0.0,11155.0,8065.0,510.0,1640.0,180.0,295.0,1865.0,665.0,0.0,2180.0,1480.0,0.0,1070.0,1265.0,0.0,2205.0,8885.0,0.0,5650.0,4925.0,5030.0,2880.0,4505.0,1325.0,1670.0,370.0,2395.0,500.0,19250.0,4005.0,3480.0,3185.0,1710.0,2395.0,430.0,595.0,50.0,335.0,35.0,10515.0,1640.0,1445.0,1840.0,1170.0,2115.0,900.0,1075.0,320.0,2065.0,465.0,8735.0
"Wilmington city, Delaware",City,2008-2012,1670.0,5465.0,7135.0,1570.0,3625.0,5195.0,2330.0,2680.0,5010.0,1390.0,855.0,2245.0,6875.0,2410.0,9285.0,13835.0,15035.0,28870.0,4205.0,8265.0,12470.0,9505.0,6355.0,15860.0,125.0,415.0,540.0,2090.0,4535.0,6625.0,11615.0,10085.0,21700.0,9655.0,6765.0,16420.0,2170.0,3810.0,5980.0,1880.0,3995.0,5875.0,125.0,470.0,595.0,5225.0,1375.0,540.0,3620.0,1575.0,0.0,2455.0,2555.0,0.0,420.0,1825.0,0.0,750.0,8530.0,0.0,12470.0,15860.0,540.0,3995.0,1060.0,415.0,2645.0,980.0,0.0,1315.0,1365.0,0.0,190.0,665.0,0.0,120.0,2285.0,0.0,8265.0,6355.0,415.0,1230.0,315.0,125.0,975.0,595.0,0.0,1140.0,1190.0,0.0,230.0,1160.0,0.0,630.0,6245.0,0.0,5095.0,4075.0,3535.0,1290.0,2240.0,420.0,375.0,35.0,600.0,55.0,11845.0,3870.0,3115.0,2575.0,745.0,1180.0,120.0,145.0,15.0,35.0,0.0,7805.0,1230.0,960.0,960.0,545.0,1065.0,300.0,230.0,20.0,565.0,55.0,4050.0
"Atlanta city, Georgia",City,2008-2012,7305.0,30395.0,37700.0,5570.0,14330.0,19900.0,9125.0,15555.0,24680.0,6010.0,7715.0,13725.0,54400.0,28595.0,82995.0,82410.0,96595.0,179005.0,28805.0,48775.0,77580.0,52585.0,43965.0,96550.0,1020.0,3855.0,4875.0,14230.0,29825.0,44055.0,67155.0,62915.0,130070.0,53465.0,46395.0,99860.0,14790.0,20105.0,34895.0,13135.0,25910.0,39045.0,1030.0,4180.0,5210.0,27170.0,5650.0,4875.0,15435.0,4465.0,0.0,15345.0,9340.0,0.0,5910.0,7820.0,0.0,13720.0,69270.0,0.0,77580.0,96550.0,4875.0,21590.0,4950.0,3855.0,11455.0,2875.0,0.0,9880.0,5680.0,0.0,3050.0,4665.0,0.0,2800.0,25795.0,0.0,48775.0,43965.0,3855.0,5580.0,700.0,1020.0,3980.0,1590.0,0.0,5465.0,3660.0,0.0,2860.0,3155.0,0.0,10920.0,43475.0,0.0,26615.0,22165.0,15140.0,8810.0,14680.0,4445.0,5385.0,1145.0,12120.0,2480.0,73940.0,21045.0,17760.0,11170.0,6115.0,9370.0,1655.0,2620.0,175.0,1810.0,205.0,46015.0,5565.0,4405.0,3975.0,2700.0,5315.0,2790.0,2760.0,965.0,10310.0,2275.0,27925.0
"Sandy Springs city, Georgia",City,2008-2012,620.0,3325.0,3945.0,670.0,2850.0,3520.0,1545.0,4395.0,5940.0,1060.0,2140.0,3200.0,16080.0,8675.0,24755.0,19965.0,21385.0,41350.0,5410.0,8850.0,14260.0,14435.0,11770.0,26205.0,120.0,765.0,885.0,2515.0,5220.0,7735.0,17330.0,15400.0,32730.0,14505.0,12375.0,26880.0,2955.0,4315.0,7270.0,2360.0,3925.0,6285.0,150.0,765.0,915.0,2800.0,260.0,885.0,3265.0,255.0,0.0,3865.0,2075.0,0.0,1000.0,2200.0,0.0,3335.0,21420.0,0.0,14260.0,26205.0,885.0,2315.0,245.0,765.0,2715.0,135.0,0.0,2860.0,1535.0,0.0,510.0,1630.0,0.0,450.0,8225.0,0.0,8850.0,11770.0,765.0,485.0,15.0,120.0,550.0,120.0,0.0,1005.0,540.0,0.0,490.0,570.0,0.0,2885.0,13195.0,0.0,2770.0,2710.0,3160.0,1675.0,3660.0,815.0,910.0,240.0,3055.0,845.0,13555.0,2315.0,2255.0,2610.0,1300.0,2655.0,230.0,435.0,70.0,225.0,70.0,8240.0,455.0,455.0,550.0,375.0,1005.0,585.0,470.0,165.0,2835.0,780.0,5315.0
"Marietta city, Georgia",City,2008-2012,920.0,2870.0,3790.0,560.0,2615.0,3175.0,1140.0,2820.0,3960.0,975.0,1755.0,2730.0,6680.0,3000.0,9680.0,10275.0,13065.0,23335.0,2965.0,7070.0,10035.0,7125.0,5840.0,12965.0,180.0,155.0,335.0,1585.0,4320.0,5905.0,8505.0,8590.0,17095.0,7305.0,6385.0,13690.0,1380.0,3145.0,4525.0,1410.0,3380.0,4790.0,180.0,155.0,335.0,3225.0,235.0,335.0,2685.0,495.0,0.0,2250.0,1705.0,0.0,545.0,2185.0,0.0,1330.0,8350.0,0.0,10035.0,12965.0,335.0,2590.0,130.0,155.0,2335.0,285.0,0.0,1610.0,1210.0,0.0,185.0,1570.0,0.0,350.0,2650.0,0.0,7070.0,5840.0,155.0,635.0,105.0,180.0,350.0,210.0,0.0,640.0,495.0,0.0,360.0,615.0,0.0,980.0,5700.0,0.0,3220.0,2990.0,2680.0,1050.0,1930.0,510.0,465.0,150.0,1015.0,85.0,9310.0,2590.0,2435.0,2330.0,855.0,1305.0,90.0,145.0,0.0,155.0,0.0,6525.0,635.0,560.0,350.0,195.0,625.0,420.0,320.0,150.0,860.0,85.0,2790.0
"Boston city, Massachusetts",City,2008-2012,6760.0,61100.0,67860.0,6260.0,23830.0,30090.0,7165.0,16595.0,23760.0,6600.0,14195.0,20795.0,58365.0,47840.0,106205.0,85150.0,163555.0,248705.0,30780.0,80475.0,111255.0,53945.0,77020.0,130965.0,425.0,6055.0,6480.0,15065.0,47550.0,62615.0,69660.0,109950.0,179610.0,55010.0,80775.0,135785.0,16120.0,34570.0,50690.0,13540.0,41960.0,55500.0,480.0,6250.0,6730.0,45665.0,15715.0,6480.0,22170.0,7920.0,0.0,14940.0,8815.0,0.0,9985.0,10810.0,0.0,18500.0,87700.0,0.0,111255.0,130965.0,6480.0,39800.0,15245.0,6055.0,17745.0,6085.0,0.0,10185.0,6405.0,0.0,6420.0,7775.0,0.0,6325.0,41510.0,0.0,80475.0,77020.0,6055.0,5865.0,470.0,425.0,4425.0,1835.0,0.0,4755.0,2410.0,0.0,3565.0,3035.0,0.0,12175.0,46190.0,0.0,44755.0,34405.0,21425.0,11640.0,14420.0,5055.0,9225.0,1725.0,16375.0,2685.0,106200.0,39015.0,29615.0,17040.0,8820.0,9695.0,2420.0,5740.0,665.0,5040.0,440.0,76530.0,5740.0,4790.0,4380.0,2815.0,4725.0,2635.0,3485.0,1060.0,11330.0,2240.0,29660.0
"Cambridge city, Massachusetts",City,2008-2012,965.0,7365.0,8330.0,935.0,3555.0,4490.0,1130.0,2550.0,3680.0,1125.0,2515.0,3640.0,12115.0,12835.0,24950.0,16270.0,28820.0,45085.0,4525.0,13080.0,17605.0,11665.0,15105.0,26770.0,75.0,635.0,710.0,2285.0,7360.0,9645.0,13905.0,20825.0,34730.0,11900.0,15595.0,27495.0,2285.0,5945.0,8230.0,2010.0,6595.0,8605.0,75.0,675.0,750.0,5735.0,1880.0,710.0,3515.0,975.0,0.0,2565.0,1115.0,0.0,2290.0,1350.0,0.0,3495.0,21450.0,0.0,17605.0,26770.0,710.0,4935.0,1795.0,635.0,2815.0,740.0,0.0,1895.0,655.0,0.0,1800.0,715.0,0.0,1630.0,11200.0,0.0,13080.0,15105.0,635.0,800.0,85.0,75.0,700.0,235.0,0.0,670.0,460.0,0.0,490.0,635.0,0.0,1865.0,10250.0,0.0,5595.0,4590.0,3465.0,2295.0,2505.0,835.0,2110.0,460.0,3160.0,425.0,16835.0,4805.0,3950.0,2780.0,1795.0,1860.0,530.0,1640.0,235.0,1455.0,85.0,12540.0,790.0,640.0,685.0,500.0,640.0,300.0,470.0,225.0,1710.0,345.0,4295.0
"Nashua city, New Hampshire",City,2008-2012,1490.0,4325.0,5815.0,1750.0,2635.0,4385.0,1950.0,2055.0,4005.0,1935.0,1570.0,3505.0,13615.0,3885.0,17500.0,20740.0,14470.0,35210.0,6535.0,6760.0,13295.0,14090.0,7620.0,21710.0,120.0,90.0,210.0,2450.0,4000.0,6450.0,18170.0,10380.0,28550.0,14215.0,7815.0,22030.0,4120.0,3065.0,7185.0,2280.0,3490.0,5770.0,120.0,100.0,220.0,4635.0,970.0,210.0,3435.0,955.0,0.0,1775.0,2225.0,0.0,1300.0,2210.0,0.0,2150.0,15350.0,0.0,13295.0,21710.0,210.0,3380.0,855.0,90.0,2090.0,550.0,0.0,750.0,1300.0,0.0,440.0,1130.0,0.0,100.0,3785.0,0.0,6760.0,7620.0,90.0,1255.0,115.0,120.0,1345.0,405.0,0.0,1025.0,925.0,0.0,860.0,1080.0,0.0,2050.0,11565.0,0.0,4615.0,3725.0,3435.0,1330.0,1720.0,490.0,1190.0,90.0,2000.0,135.0,12960.0,3355.0,2745.0,2090.0,645.0,695.0,75.0,355.0,25.0,60.0,0.0,6555.0,1255.0,980.0,1345.0,685.0,1025.0,415.0,835.0,65.0,1940.0,135.0,6400.0
