NAME,B07201_014E,B07201_013E,B07201_012E,B07201_011E,B07201_010E,B07201_009E,B07201_008E,B07201_007E,B07201_006E,B07201_005E,B07201_004E,B07201_003E,B07201_002E,B07201_001E
"Aberdeen, WA Micro Area",,,,,,,,,,,,,,
"Abilene, TX",884.0,2217.0,1018.0,445.0,1463.0,4139.0,3779.0,7918.0,6016.0,17391.0,23407.0,35005.0,142731.0,178620.0
"Adrian, MI Micro Area",,,,,,,,,,,,,,
"Aguadilla-Isabela, PR",,,,,,,,,,,,,,
"Akron, OH",2302.0,1067.0,1386.0,1215.0,2601.0,22841.0,9151.0,31992.0,31009.0,23327.0,54336.0,89996.0,599277.0,691575.0
"Alamogordo, NM Micro Area",,,,,,,,,,,,,,
"Albany, GA",752.0,964.0,177.0,278.0,455.0,3589.0,1443.0,5032.0,4143.0,5052.0,9195.0,15646.0,128284.0,144682.0
"Albany-Lebanon, OR",40.0,0.0,241.0,47.0,288.0,2571.0,3298.0,5869.0,4214.0,5738.0,9952.0,16109.0,112991.0,129140.0
"Albany-Schenectady-Troy, NY",3175.0,1989.0,4814.0,590.0,5404.0,19366.0,15159.0,34525.0,44766.0,28128.0,72894.0,114812.0,777769.0,895756.0
"Albertville, AL Micro Area",,,,,,,,,,,,,,
"Albuquerque, NM",4154.0,2001.0,2249.0,1648.0,3897.0,14649.0,20156.0,34805.0,15603.0,52062.0,67665.0,108368.0,802317.0,914839.0
"Alexandria, LA",2942.0,1177.0,509.0,462.0,971.0,1248.0,2696.0,3944.0,8443.0,1956.0,10399.0,16491.0,127861.0,147294.0
"Allentown-Bethlehem-Easton, PA-NJ",4156.0,37.0,1060.0,326.0,1386.0,18510.0,12227.0,30737.0,28937.0,13959.0,42896.0,75056.0,783211.0,862423.0
"Altoona, PA",107.0,481.0,527.0,0.0,527.0,2273.0,1012.0,3285.0,2927.0,2955.0,5882.0,10175.0,109775.0,120057.0
"Amarillo, TX",527.0,1837.0,366.0,489.0,855.0,1955.0,3181.0,5136.0,1741.0,19168.0,20909.0,28737.0,238176.0,267440.0
"Ames, IA",1347.0,2020.0,200.0,1504.0,1704.0,8624.0,4505.0,13129.0,3314.0,7164.0,10478.0,27331.0,96670.0,125348.0
"Anchorage, AK",2527.0,2278.0,715.0,263.0,978.0,10446.0,6450.0,16896.0,8239.0,26658.0,34897.0,55049.0,337299.0,394875.0
"Ann Arbor, MI",4694.0,723.0,1730.0,532.0,2262.0,22742.0,14561.0,37303.0,12801.0,18209.0,31010.0,71298.0,287749.0,363741.0
"Anniston-Oxford, AL",277.0,1145.0,511.0,12.0,523.0,3479.0,1824.0,5303.0,7065.0,4062.0,11127.0,18098.0,95707.0,114082.0
"Appleton, WI",1331.0,782.0,1087.0,306.0,1393.0,4308.0,2725.0,7033.0,6553.0,5478.0,12031.0,21239.0,219224.0,241794.0
"Arecibo, PR",,,,,,,,,,,,,,
"Asheville, NC",1397.0,573.0,2335.0,533.0,2868.0,9353.0,12538.0,21891.0,20454.0,4924.0,25378.0,50710.0,419692.0,471799.0
"Ashtabula, OH Micro Area",,,,,,,,,,,,,,
"Athens, TX Micro Area",,,,,,,,,,,,,,
"Athens-Clarke County, GA",1521.0,665.0,1307.0,827.0,2134.0,15830.0,5882.0,21712.0,4991.0,14997.0,19988.0,44499.0,172817.0,218837.0
"Atlanta-Sandy Springs-Alpharetta, GA",43558.0,7355.0,10264.0,4808.0,15072.0,101399.0,98149.0,199548.0,419069.0,96954.0,516023.0,737998.0,5369318.0,6150874.0
"Atlantic City-Hammonton, NJ",1273.0,0.0,0.0,0.0,0.0,6810.0,2950.0,9760.0,8035.0,4155.0,12190.0,21950.0,250257.0,273480.0
"Auburn, NY Micro Area",,,,,,,,,,,,,,
"Auburn-Opelika, AL",1616.0,305.0,1462.0,610.0,2072.0,9527.0,3648.0,13175.0,4702.0,8007.0,12709.0,28261.0,149110.0,178987.0
"Augusta-Richmond County, GA-SC",1595.0,3761.0,1320.0,423.0,1743.0,21039.0,9644.0,30683.0,29409.0,18581.0,47990.0,84177.0,531361.0,617133.0
"Augusta-Waterville, ME Micro Area",,,,,,,,,,,,,,
"Austin-Round Rock-Georgetown, TX",20139.0,4679.0,2405.0,2961.0,5366.0,75528.0,74093.0,149621.0,69888.0,165580.0,235468.0,395134.0,1981824.0,2397097.0
"Bakersfield, CA",3206.0,1177.0,206.0,231.0,437.0,9202.0,11736.0,20938.0,18939.0,24138.0,43077.0,65629.0,834754.0,903589.0
"Baltimore-Columbia-Towson, MD",18527.0,2642.0,480.0,1580.0,2060.0,61168.0,30229.0,91397.0,147401.0,71433.0,218834.0,314933.0,2473774.0,2807234.0
"Bangor, ME",466.0,1577.0,205.0,262.0,467.0,3713.0,814.0,4527.0,6494.0,3878.0,10372.0,16943.0,134923.0,152332.0
"Baraboo, WI Micro Area",,,,,,,,,,,,,,
"Barnstable Town, MA",293.0,198.0,307.0,28.0,335.0,7793.0,4280.0,12073.0,5217.0,3152.0,8369.0,20975.0,209106.0,230374.0
"Baton Rouge, LA",2469.0,2039.0,1566.0,2826.0,4392.0,12821.0,13217.0,26038.0,45853.0,38492.0,84345.0,116814.0,745811.0,865094.0
"Battle Creek, MI",320.0,603.0,351.0,69.0,420.0,2716.0,1112.0,3828.0,5081.0,5662.0,10743.0,15594.0,115447.0,131361.0
"Bay City, MI",425.0,949.0,0.0,371.0,371.0,1710.0,1746.0,3456.0,5498.0,1476.0,6974.0,11750.0,89335.0,101510.0
"Beaumont-Port Arthur, TX",1103.0,1529.0,1165.0,2494.0,3659.0,7252.0,4130.0,11382.0,19710.0,12274.0,31984.0,48554.0,338590.0,388247.0
"Beaver Dam, WI Micro Area",,,,,,,,,,,,,,
"Beckley, WV",66.0,1342.0,107.0,306.0,413.0,1762.0,1304.0,3066.0,4989.0,934.0,5923.0,10744.0,100813.0,111623.0
"Bellingham, WA",855.0,337.0,650.0,881.0,1531.0,6837.0,4559.0,11396.0,8142.0,9985.0,18127.0,31391.0,196668.0,228914.0
"Bend, OR",503.0,943.0,1372.0,468.0,1840.0,5033.0,5182.0,10215.0,5063.0,8664.0,13727.0,26725.0,176818.0,204046.0
"Billings, MT",958.0,3296.0,647.0,2027.0,2674.0,4961.0,3195.0,8156.0,3473.0,8876.0,12349.0,26475.0,160307.0,187740.0
"Binghamton, NY",344.0,1004.0,99.0,319.0,418.0,6501.0,3676.0,10177.0,12214.0,4052.0,16266.0,27865.0,215133.0,243342.0
"Birmingham-Hoover, AL",2637.0,2332.0,4713.0,1035.0,5748.0,14271.0,17647.0,31918.0,65200.0,31369.0,96569.0,136567.0,966910.0,1106114.0
"Bismarck, ND",145.0,2721.0,406.0,471.0,877.0,1271.0,2598.0,3869.0,2235.0,7173.0,9408.0,16875.0,115725.0,132745.0
"Blacksburg-Christiansburg, VA",1269.0,1385.0,388.0,71.0,459.0,10212.0,4423.0,14635.0,6171.0,7467.0,13638.0,30117.0,134604.0,165990.0
"Bloomington, IL",960.0,1140.0,815.0,274.0,1089.0,7197.0,3320.0,10517.0,6646.0,4453.0,11099.0,23845.0,144392.0,169197.0
"Bloomington, IN",1416.0,536.0,1096.0,230.0,1326.0,7606.0,5447.0,13053.0,5334.0,12634.0,17968.0,32883.0,126150.0,160449.0
"Bloomsburg-Berwick, PA",51.0,0.0,761.0,80.0,841.0,4694.0,1560.0,6254.0,2595.0,1076.0,3671.0,10766.0,71649.0,82466.0
"Bluefield, WV-VA Micro Area",,,,,,,,,,,,,,
"Boise City, ID",4748.0,3023.0,4599.0,1939.0,6538.0,21979.0,12246.0,34225.0,46708.0,29930.0,76638.0,120424.0,681235.0,806407.0
"Boston-Cambridge-Newton, MA-NH",56304.0,2440.0,6149.0,2585.0,8734.0,91132.0,59536.0,150668.0,287102.0,126462.0,413564.0,575406.0,4222834.0,4854544.0
"Boulder, CO",2408.0,339.0,1158.0,242.0,1400.0,18271.0,15996.0,34267.0,13218.0,21357.0,34575.0,70581.0,252495.0,325484.0
"Bowling Green, KY",2236.0,3570.0,521.0,77.0,598.0,6081.0,3483.0,9564.0,9920.0,10675.0,20595.0,34327.0,145539.0,182102.0
"Bozeman, MT Micro Area",,,,,,,,,,,,,,
"Brainerd, MN Micro Area",,,,,,,,,,,,,,
"Bremerton-Silverdale-Port Orchard, WA",814.0,56.0,1130.0,236.0,1366.0,9149.0,9330.0,18479.0,15341.0,11336.0,26677.0,46578.0,227328.0,274720.0
"Bridgeport-Stamford-Norwalk, CT",8214.0,0.0,907.0,248.0,1155.0,25755.0,21917.0,47672.0,14529.0,34453.0,48982.0,97809.0,845724.0,951747.0
"Brownsville-Harlingen, TX",2411.0,604.0,356.0,1286.0,1642.0,3249.0,5221.0,8470.0,8847.0,18311.0,27158.0,37874.0,379566.0,419851.0
"Brunswick, GA",77.0,32.0,388.0,443.0,831.0,2772.0,1053.0,3825.0,6517.0,2452.0,8969.0,13657.0,95712.0,109446.0
"Buffalo-Cheektowaga, NY",4717.0,471.0,3439.0,1619.0,5058.0,14800.0,13207.0,28007.0,43147.0,29367.0,72514.0,106050.0,1038116.0,1148883.0
"Burlington, NC",1668.0,421.0,658.0,69.0,727.0,4941.0,4863.0,9804.0,6292.0,3752.0,10044.0,20996.0,152231.0,174895.0
"Burlington-South Burlington, VT",894.0,1424.0,1852.0,176.0,2028.0,6459.0,4851.0,11310.0,8164.0,8982.0,17146.0,31908.0,193421.0,226223.0
"California-Lexington Park, MD",0.0,38.0,830.0,1.0,831.0,4617.0,2249.0,6866.0,3063.0,1481.0,4544.0,12279.0,101136.0,113415.0
"Canton-Massillon, OH",602.0,279.0,1405.0,770.0,2175.0,5125.0,3206.0,8331.0,15959.0,6190.0,22149.0,32934.0,361960.0,395496.0
"Cape Coral-Fort Myers, FL",10214.0,876.0,1594.0,981.0,2575.0,37617.0,13705.0,51322.0,22723.0,15575.0,38298.0,93071.0,710269.0,813554.0
"Cape Girardeau, MO-IL",139.0,726.0,753.0,333.0,1086.0,1632.0,2261.0,3893.0,2193.0,3123.0,5316.0,11021.0,83773.0,94933.0
"Carbondale-Marion, IL",260.0,3580.0,2541.0,502.0,3043.0,5408.0,1907.0,7315.0,4952.0,4830.0,9782.0,23720.0,107005.0,130985.0
"Carson City, NV",0.0,197.0,1037.0,300.0,1337.0,1729.0,1434.0,3163.0,0.0,2135.0,2135.0,6832.0,51022.0,57854.0
"Casper, WY",90.0,278.0,225.0,180.0,405.0,2040.0,448.0,2488.0,2924.0,5487.0,8411.0,11582.0,67199.0,78871.0
"Cedar Rapids, IA",657.0,1088.0,563.0,742.0,1305.0,5140.0,5844.0,10984.0,6025.0,10848.0,16873.0,30250.0,242450.0,273357.0
"Centralia, WA Micro Area",,,,,,,,,,,,,,
"Chambersburg-Waynesboro, PA",149.0,866.0,34.0,0.0,34.0,4478.0,1891.0,6369.0,6713.0,2627.0,9340.0,16609.0,138564.0,155322.0
"Champaign-Urbana, IL",3690.0,962.0,796.0,269.0,1065.0,8516.0,8561.0,17077.0,6053.0,17645.0,23698.0,42802.0,174319.0,220811.0
"Charleston, WV",669.0,244.0,368.0,578.0,946.0,2970.0,1860.0,4830.0,8584.0,4159.0,12743.0,18763.0,228091.0,247523.0
"Charleston-North Charleston, SC",3941.0,3115.0,2834.0,1304.0,4138.0,31475.0,16931.0,48406.0,40796.0,25673.0,66469.0,122128.0,696843.0,822912.0
"Charlotte-Concord-Gastonia, NC-SC",15628.0,2516.0,6954.0,4461.0,11415.0,68742.0,48528.0,117270.0,101237.0,114830.0,216067.0,347268.0,2361490.0,2724386.0
"Charlottesville, VA",2464.0,4207.0,687.0,290.0,977.0,9719.0,5028.0,14747.0,8018.0,7875.0,15893.0,35824.0,183451.0,221739.0
"Chattanooga, TN-GA",2883.0,2246.0,2357.0,391.0,2748.0,21989.0,8001.0,29990.0,19431.0,26705.0,46136.0,81120.0,483576.0,567579.0
"Cheyenne, WY",424.0,443.0,524.0,821.0,1345.0,2857.0,3209.0,6066.0,2662.0,5101.0,7763.0,15617.0,84032.0,100073.0
"Chicago-Naperville-Elgin, IL-IN-WI",62046.0,3297.0,8665.0,6003.0,14668.0,80557.0,92674.0,173231.0,432006.0,383960.0,815966.0,1007162.0,8278006.0,9347214.0
"Chico, CA",236.0,1395.0,451.0,1106.0,1557.0,6760.0,4702.0,11462.0,11493.0,12490.0,23983.0,38397.0,167028.0,205661.0
"Chillicothe, OH Micro Area",,,,,,,,,,,,,,
"Cincinnati, OH-KY-IN",10892.0,2894.0,4165.0,3959.0,8124.0,35884.0,20962.0,56846.0,135397.0,37678.0,173075.0,240939.0,1991863.0,2243694.0
"Clarksburg, WV Micro Area",,,,,,,,,,,,,,
"Clarksville, TN-KY",3305.0,2333.0,1388.0,1076.0,2464.0,11665.0,11948.0,23613.0,11571.0,18301.0,29872.0,58282.0,268637.0,330224.0
"Clearlake, CA Micro Area",,,,,,,,,,,,,,
"Cleveland, TN",243.0,346.0,541.0,793.0,1334.0,2892.0,1317.0,4209.0,3448.0,4283.0,7731.0,13620.0,113800.0,127663.0
"Cleveland-Elyria, OH",8687.0,1491.0,3175.0,2177.0,5352.0,37469.0,21025.0,58494.0,117985.0,54937.0,172922.0,238259.0,1797626.0,2044572.0
"Coeur d'Alene, ID",0.0,272.0,871.0,944.0,1815.0,6796.0,3986.0,10782.0,7667.0,4071.0,11738.0,24607.0,157355.0,181962.0
"College Station-Bryan, TX",2242.0,2643.0,143.0,1561.0,1704.0,15516.0,12899.0,28415.0,3172.0,30425.0,33597.0,66359.0,207677.0,276278.0
"Colorado Springs, CO",9365.0,2039.0,3139.0,2613.0,5752.0,28516.0,30348.0,58864.0,14162.0,50464.0,64626.0,131281.0,615661.0,756307.0
"Columbia, MO",698.0,1174.0,609.0,1517.0,2126.0,6150.0,4930.0,11080.0,4564.0,16609.0,21173.0,35553.0,176396.0,212647.0
"Columbia, SC",6337.0,2068.0,2162.0,1570.0,3732.0,34857.0,14432.0,49289.0,49425.0,15130.0,64555.0,119644.0,711794.0,837775.0
"Columbus, GA-AL",1139.0,1093.0,577.0,463.0,1040.0,13517.0,7537.0,21054.0,4220.0,17822.0,22042.0,45229.0,274444.0,320812.0
"Columbus, IN",1431.0,4.0,1015.0,833.0,1848.0,3580.0,1306.0,4886.0,1398.0,2126.0,3524.0,10262.0,71068.0,82761.0
"Columbus, OH",15435.0,2748.0,7545.0,4964.0,12509.0,41009.0,23770.0,64779.0,84485.0,132537.0,217022.0,297058.0,1822966.0,2135459.0
"Concord, NH Micro Area",,,,,,,,,,,,,,
"Cookeville, TN Micro Area",,,,,,,,,,,,,,
"Corning, NY Micro Area",,,,,,,,,,,,,,
"Corpus Christi, TX",2215.0,433.0,816.0,516.0,1332.0,6785.0,4439.0,11224.0,8811.0,32038.0,40849.0,53838.0,360151.0,416204.0
"Corvallis, OR",2144.0,0.0,227.0,391.0,618.0,6228.0,6566.0,12794.0,2300.0,5584.0,7884.0,21296.0,73561.0,97001.0
"Crestview-Fort Walton Beach-Destin, FL",2703.0,632.0,1633.0,326.0,1959.0,11963.0,11312.0,23275.0,17016.0,5431.0,22447.0,48313.0,245257.0,296273.0
"Cullman, AL Micro Area",,,,,,,,,,,,,,
"Cumberland, MD-WV",0.0,447.0,45.0,95.0,140.0,1901.0,804.0,2705.0,3324.0,2591.0,5915.0,9207.0,84394.0,93601.0
"Dallas-Fort Worth-Arlington, TX",66041.0,10718.0,10539.0,10027.0,20566.0,120818.0,134780.0,255598.0,350505.0,400432.0,750937.0,1037819.0,6742024.0,7845884.0
"Dalton, GA",515.0,0.0,396.0,0.0,396.0,2659.0,1408.0,4067.0,6518.0,2900.0,9418.0,13881.0,127535.0,141931.0
"Danville, IL",0.0,137.0,0.0,292.0,292.0,464.0,244.0,708.0,2502.0,1541.0,4043.0,5180.0,66567.0,71747.0
"Danville, VA Micro Area",,,,,,,,,,,,,,
"Daphne-Fairhope-Foley, AL",835.0,321.0,1932.0,196.0,2128.0,10674.0,4537.0,15211.0,9041.0,7121.0,16162.0,33822.0,209161.0,243818.0
"Davenport-Moline-Rock Island, IA-IL",2504.0,834.0,2043.0,1787.0,3830.0,6967.0,4756.0,11723.0,15643.0,14442.0,30085.0,46472.0,325601.0,374577.0
"Dayton-Kettering, OH",4112.0,2250.0,1275.0,3509.0,4784.0,19679.0,13258.0,32937.0,49345.0,25845.0,75190.0,115161.0,683928.0,803201.0
"Decatur, AL",48.0,70.0,327.0,59.0,386.0,3401.0,3014.0,6415.0,4726.0,3736.0,8462.0,15333.0,139903.0,155284.0
"Decatur, IL",194.0,411.0,199.0,5.0,204.0,1384.0,713.0,2097.0,1051.0,9433.0,10484.0,13196.0,86979.0,100369.0
"Deltona-Daytona Beach-Ormond Beach, FL",2974.0,1331.0,1904.0,453.0,2357.0,27936.0,15390.0,43326.0,24021.0,15284.0,39305.0,86319.0,612086.0,701379.0
"Denver-Aurora-Lakewood, CO",14353.0,6399.0,4861.0,3539.0,8400.0,58565.0,64626.0,123191.0,136364.0,184576.0,320940.0,458930.0,2481181.0,2954464.0
"Des Moines-West Des Moines, IA",2057.0,3458.0,788.0,1770.0,2558.0,11090.0,9977.0,21067.0,31239.0,33876.0,65115.0,92198.0,626413.0,720668.0
"Detroit-Warren-Dearborn, MI",23795.0,3907.0,4683.0,2377.0,7060.0,41811.0,33042.0,74853.0,208598.0,114408.0,323006.0,408826.0,3868248.0,4300869.0
"Dothan, AL",437.0,766.0,954.0,574.0,1528.0,2575.0,2105.0,4680.0,4446.0,3494.0,7940.0,14914.0,135768.0,151119.0
"Dover, DE",632.0,201.0,58.0,287.0,345.0,4750.0,2096.0,6846.0,8835.0,4071.0,12906.0,20298.0,164268.0,185198.0
"Dublin, GA Micro Area",,,,,,,,,,,,,,
"DuBois, PA Micro Area",,,,,,,,,,,,,,
"Dubuque, IA",96.0,1184.0,467.0,176.0,643.0,2100.0,1528.0,3628.0,1230.0,4234.0,5464.0,10919.0,86670.0,97685.0
"Duluth, MN-WI",231.0,1195.0,1051.0,866.0,1917.0,6821.0,5207.0,12028.0,12416.0,8569.0,20985.0,36125.0,252972.0,289328.0
"Durham-Chapel Hill, NC",7273.0,1365.0,1877.0,2165.0,4042.0,18648.0,27854.0,46502.0,10564.0,23623.0,34187.0,86096.0,566213.0,659582.0
"East Stroudsburg, PA",315.0,0.0,86.0,221.0,307.0,6540.0,3435.0,9975.0,5351.0,1028.0,6379.0,16661.0,149281.0,166257.0
"Eau Claire, WI",696.0,3227.0,1768.0,628.0,2396.0,4379.0,2024.0,6403.0,4054.0,6914.0,10968.0,22994.0,148609.0,172299.0
"El Centro, CA",322.0,5.0,4.0,0.0,4.0,1260.0,636.0,1896.0,4058.0,6696.0,10754.0,12659.0,162878.0,175859.0
"Elizabethtown-Fort Knox, KY",774.0,2936.0,554.0,2164.0,2718.0,6559.0,2377.0,8936.0,5623.0,1774.0,7397.0,21987.0,133960.0,156721.0
"Elkhart-Goshen, IN",2050.0,1414.0,1657.0,0.0,1657.0,3274.0,1456.0,4730.0,7521.0,6815.0,14336.0,22137.0,179442.0,203629.0
"Elmira, NY",1228.0,656.0,177.0,57.0,234.0,1821.0,697.0,2518.0,1934.0,2073.0,4007.0,7415.0,72341.0,80984.0
"El Paso, TX",6273.0,966.0,843.0,862.0,1705.0,13743.0,11202.0,24945.0,10694.0,54894.0,65588.0,93204.0,761077.0,860554.0
"Enid, OK",326.0,441.0,100.0,362.0,462.0,1469.0,1951.0,3420.0,348.0,6293.0,6641.0,10964.0,49826.0,61116.0
"Erie, PA",2207.0,377.0,1006.0,324.0,1330.0,4312.0,2350.0,6662.0,9270.0,9530.0,18800.0,27169.0,235042.0,264418.0
"Eugene-Springfield, OR",1852.0,2116.0,1147.0,1501.0,2648.0,10473.0,12248.0,22721.0,7652.0,29224.0,36876.0,64361.0,313071.0,379284.0
"Eureka-Arcata, CA Micro Area",,,,,,,,,,,,,,
"Evansville, IN-KY",1121.0,2579.0,1405.0,775.0,2180.0,5308.0,3844.0,9152.0,14220.0,12806.0,27026.0,40937.0,269515.0,311573.0
"Fairbanks, AK",890.0,442.0,147.0,700.0,847.0,8527.0,1716.0,10243.0,5012.0,3672.0,8684.0,20216.0,73013.0,94119.0
"Fargo, ND-MN",874.0,2991.0,2722.0,1161.0,3883.0,4681.0,3730.0,8411.0,12074.0,17590.0,29664.0,44949.0,209737.0,255560.0
"Faribault-Northfield, MN Micro Area",,,,,,,,,,,,,,
"Farmington, MO Micro Area",,,,,,,,,,,,,,
"Farmington, NM",195.0,71.0,386.0,478.0,864.0,1007.0,1691.0,2698.0,4224.0,2134.0,6358.0,9991.0,109430.0,119616.0
"Fayetteville, NC",5725.0,2095.0,3108.0,1988.0,5096.0,21720.0,12575.0,34295.0,19882.0,23876.0,43758.0,85244.0,431716.0,522685.0
"Fayetteville-Springdale-Rogers, AR",5407.0,3191.0,2324.0,1708.0,4032.0,10750.0,12620.0,23370.0,21022.0,32011.0,53033.0,83626.0,479999.0,569032.0
"Findlay, OH Micro Area",,,,,,,,,,,,,,
"Flagstaff, AZ",230.0,269.0,899.0,552.0,1451.0,7973.0,7462.0,15435.0,4042.0,6182.0,10224.0,27379.0,115628.0,143237.0
"Flint, MI",66.0,597.0,220.0,892.0,1112.0,9807.0,4558.0,14365.0,19282.0,5508.0,24790.0,40864.0,357267.0,398197.0
"Florence, SC",494.0,3906.0,279.0,483.0,762.0,3268.0,1007.0,4275.0,8648.0,2191.0,10839.0,19782.0,176771.0,197047.0
"Florence-Muscle Shoals, AL",300.0,872.0,779.0,24.0,803.0,4814.0,3214.0,8028.0,5840.0,4804.0,10644.0,20347.0,132006.0,152653.0
"Fond du Lac, WI",552.0,561.0,1613.0,227.0,1840.0,1581.0,1855.0,3436.0,3361.0,3715.0,7076.0,12913.0,89748.0,103213.0
"Fort Collins, CO",2370.0,828.0,2134.0,525.0,2659.0,16816.0,16333.0,33149.0,10673.0,18269.0,28942.0,65578.0,294720.0,362668.0
"Fort Payne, AL Micro Area",,,,,,,,,,,,,,
"Fort Smith, AR-OK",745.0,3986.0,667.0,880.0,1547.0,6834.0,5376.0,12210.0,7911.0,5956.0,13867.0,31610.0,211665.0,244020.0
"Fort Wayne, IN",1136.0,1349.0,2474.0,3781.0,6255.0,6684.0,5511.0,12195.0,7349.0,28004.0,35353.0,55152.0,363711.0,419999.0
"Frankfort, KY Micro Area",,,,,,,,,,,,,,
"Fresno, CA",4363.0,154.0,444.0,155.0,599.0,20366.0,11225.0,31591.0,30273.0,45381.0,75654.0,107998.0,888912.0,1001273.0
"Gadsden, AL",591.0,87.0,1378.0,75.0,1453.0,2580.0,968.0,3548.0,3932.0,2358.0,6290.0,11378.0,89645.0,101614.0
"Gainesville, FL",2791.0,1331.0,1781.0,711.0,2492.0,18592.0,8735.0,27327.0,12698.0,20662.0,33360.0,64510.0,280758.0,348059.0
"Gainesville, GA",2180.0,1807.0,1085.0,723.0,1808.0,15264.0,2538.0,17802.0,5030.0,3727.0,8757.0,30174.0,177938.0,210292.0
"Gallup, NM Micro Area",,,,,,,,,,,,,,
"Gettysburg, PA",409.0,289.0,88.0,0.0,88.0,3688.0,762.0,4450.0,3019.0,914.0,3933.0,8760.0,96304.0,105473.0
"Glens Falls, NY",259.0,303.0,550.0,130.0,680.0,3056.0,1479.0,4535.0,3836.0,1826.0,5662.0,11180.0,113714.0,125153.0
"Glenwood Springs, CO Micro Area",,,,,,,,,,,,,,
"Goldsboro, NC",380.0,1444.0,683.0,0.0,683.0,5181.0,1309.0,6490.0,5821.0,2751.0,8572.0,17189.0,97704.0,115273.0
"Granbury, TX Micro Area",,,,,,,,,,,,,,
"Grand Forks, ND-MN",1362.0,2519.0,861.0,945.0,1806.0,4085.0,2314.0,6399.0,2040.0,5375.0,7415.0,18139.0,82147.0,101648.0
"Grand Island, NE",232.0,1106.0,653.0,682.0,1335.0,914.0,1562.0,2476.0,1233.0,2085.0,3318.0,8235.0,66919.0,75386.0
"Grand Junction, CO",444.0,1146.0,719.0,1895.0,2614.0,3832.0,5357.0,9189.0,6508.0,10744.0,17252.0,30201.0,127538.0,158183.0
"Grand Rapids-Kentwood, MI",2252.0,4630.0,3445.0,2118.0,5563.0,21170.0,13469.0,34639.0,58988.0,40656.0,99644.0,144476.0,937782.0,1084510.0
"Grants Pass, OR",38.0,278.0,956.0,0.0,956.0,2602.0,1753.0,4355.0,3920.0,4514.0,8434.0,14023.0,72770.0,86831.0
"Great Falls, MT",259.0,2153.0,481.0,111.0,592.0,2274.0,934.0,3208.0,703.0,5872.0,6575.0,12528.0,71109.0,83896.0
"Greeley, CO",1317.0,903.0,1678.0,1484.0,3162.0,15638.0,13979.0,29617.0,7718.0,7766.0,15484.0,49166.0,294812.0,345295.0
"Green Bay, WI",1520.0,1974.0,1576.0,949.0,2525.0,3914.0,5881.0,9795.0,10353.0,10757.0,21110.0,35404.0,289874.0,326798.0
"Greeneville, TN Micro Area",,,,,,,,,,,,,,
"Greensboro-High Point, NC",3002.0,2054.0,1320.0,1045.0,2365.0,20880.0,17970.0,38850.0,23793.0,31419.0,55212.0,98481.0,673258.0,774741.0
"Greenville, NC",786.0,899.0,1174.0,1637.0,2811.0,6247.0,4790.0,11037.0,3599.0,8267.0,11866.0,26613.0,144183.0,171582.0
"Greenville-Anderson, SC",3674.0,2374.0,5149.0,4214.0,9363.0,28584.0,17228.0,45812.0,56109.0,14071.0,70180.0,127729.0,816297.0,947700.0
"Greenwood, SC Micro Area",,,,,,,,,,,,,,
"Guayama, PR",,,,,,,,,,,,,,
"Gulfport-Biloxi, MS",2724.0,1860.0,2011.0,915.0,2926.0,12337.0,11100.0,23437.0,16970.0,11613.0,28583.0,56806.0,356493.0,416023.0
"Hagerstown-Martinsburg, MD-WV",782.0,620.0,28.0,273.0,301.0,9215.0,3749.0,12964.0,11363.0,5941.0,17304.0,31189.0,268178.0,300149.0
"Hammond, LA",706.0,34.0,118.0,434.0,552.0,5155.0,1665.0,6820.0,7792.0,2377.0,10169.0,17575.0,116950.0,135231.0
"Hanford-Corcoran, CA",1669.0,116.0,437.0,495.0,932.0,7180.0,3768.0,10948.0,4564.0,2842.0,7406.0,19402.0,130068.0,151139.0
"Harrisburg-Carlisle, PA",1741.0,694.0,1963.0,319.0,2282.0,21340.0,6507.0,27847.0,32101.0,8304.0,40405.0,71228.0,524353.0,597322.0
"Harrisonburg, VA",1898.0,958.0,172.0,0.0,172.0,6283.0,2893.0,9176.0,4609.0,5956.0,10565.0,20871.0,112959.0,135728.0
"Hartford-East Hartford-Middletown, CT",8801.0,287.0,2727.0,0.0,2727.0,42445.0,20021.0,62466.0,51725.0,24387.0,76112.0,141592.0,1057372.0,1207765.0
"Hattiesburg, MS",142.0,948.0,1176.0,873.0,2049.0,4460.0,5338.0,9798.0,6365.0,4424.0,10789.0,23584.0,146252.0,169978.0
"Heber, UT Micro Area",,,,,,,,,,,,,,
"Helena, MT Micro Area",,,,,,,,,,,,,,
"Hermiston-Pendleton, OR Micro Area",,,,,,,,,,,,,,
"Hickory-Lenoir-Morganton, NC",655.0,758.0,1547.0,1167.0,2714.0,7212.0,3052.0,10264.0,13506.0,4786.0,18292.0,32028.0,332448.0,365131.0
"Hilo, HI Micro Area",,,,,,,,,,,,,,
"Hilton Head Island-Bluffton, SC",1202.0,1446.0,1027.0,597.0,1624.0,14861.0,5147.0,20008.0,8826.0,2146.0,10972.0,34050.0,192028.0,227280.0
"Hinesville, GA",913.0,429.0,300.0,822.0,1122.0,4784.0,2910.0,7694.0,2613.0,2298.0,4911.0,14156.0,69921.0,84990.0
"Hobbs, NM Micro Area",,,,,,,,,,,,,,
"Holland, MI Micro Area",,,,,,,,,,,,,,
"Homosassa Springs, FL",358.0,1032.0,893.0,49.0,942.0,8188.0,3250.0,11438.0,8256.0,680.0,8936.0,22348.0,138050.0,160756.0
"Hot Springs, AR",50.0,321.0,194.0,596.0,790.0,2870.0,1934.0,4804.0,2240.0,2144.0,4384.0,10299.0,88762.0,99111.0
"Houma-Thibodaux, LA",413.0,116.0,113.0,0.0,113.0,955.0,1340.0,2295.0,7553.0,6176.0,13729.0,16253.0,181514.0,198180.0
"Houston-The Woodlands-Sugar Land, TX",81671.0,12596.0,9434.0,9698.0,19132.0,94132.0,114580.0,208712.0,337501.0,334214.0,671715.0,912155.0,6261383.0,7255209.0
"Huntington-Ashland, WV-KY-OH",348.0,2309.0,2371.0,1129.0,3500.0,5830.0,2465.0,8295.0,17766.0,10395.0,28161.0,42265.0,308345.0,350958.0
"Huntsville, AL",1386.0,1034.0,2921.0,318.0,3239.0,16470.0,9571.0,26041.0,19213.0,19060.0,38273.0,68587.0,439772.0,509745.0
"Huntsville, TX Micro Area",,,,,,,,,,,,,,
"Idaho Falls, ID",441.0,433.0,1550.0,1946.0,3496.0,4657.0,2327.0,6984.0,5468.0,6988.0,12456.0,23369.0,139911.0,163721.0
"Indiana, PA Micro Area",,,,,,,,,,,,,,
"Indianapolis-Carmel-Anderson, IN",9918.0,5106.0,3704.0,2860.0,6564.0,36000.0,28627.0,64627.0,81907.0,112889.0,194796.0,271093.0,1837593.0,2118604.0
"Iowa City, IA",781.0,1782.0,546.0,1005.0,1551.0,7640.0,6360.0,14000.0,7751.0,11183.0,18934.0,36267.0,139775.0,176823.0
"Ithaca, NY",2541.0,158.0,445.0,253.0,698.0,8267.0,9867.0,18134.0,4525.0,3480.0,8005.0,26995.0,75000.0,104536.0
"Jackson, MI",157.0,146.0,844.0,579.0,1423.0,4096.0,2943.0,7039.0,6587.0,2882.0,9469.0,18077.0,140257.0,158491.0
"Jackson, MS",933.0,3639.0,2828.0,2813.0,5641.0,4002.0,5101.0,9103.0,29503.0,20290.0,49793.0,68176.0,505060.0,574169.0
"Jackson, TN",592.0,1353.0,913.0,994.0,1907.0,3967.0,1635.0,5602.0,7569.0,5449.0,13018.0,21880.0,157512.0,179984.0
"Jacksonville, FL",11409.0,3256.0,2395.0,1392.0,3787.0,57144.0,29382.0,86526.0,45215.0,91970.0,137185.0,230754.0,1415463.0,1657626.0
"Jacksonville, NC",3797.0,456.0,1988.0,442.0,2430.0,15757.0,7938.0,23695.0,7331.0,4246.0,11577.0,38158.0,162649.0,204604.0
"Jamestown-Dunkirk-Fredonia, NY Micro Area",,,,,,,,,,,,,,
"Janesville-Beloit, WI",135.0,168.0,453.0,698.0,1151.0,2967.0,1586.0,4553.0,2107.0,6173.0,8280.0,14152.0,147852.0,162139.0
"Jefferson, GA Micro Area",,,,,,,,,,,,,,
"Jefferson City, MO",673.0,1461.0,731.0,371.0,1102.0,3374.0,2149.0,5523.0,6678.0,3076.0,9754.0,17840.0,128181.0,146694.0
"Johnson City, TN",1210.0,1794.0,741.0,1021.0,1762.0,7145.0,3467.0,10612.0,5638.0,5583.0,11221.0,25389.0,184175.0,210774.0
"Johnstown, PA",331.0,523.0,1121.0,148.0,1269.0,2012.0,996.0,3008.0,3627.0,986.0,4613.0,9413.0,120280.0,130024.0
"Jonesboro, AR",132.0,702.0,1635.0,1084.0,2719.0,2804.0,797.0,3601.0,3042.0,9546.0,12588.0,19610.0,113400.0,133142.0
"Joplin, MO",288.0,1738.0,768.0,119.0,887.0,5201.0,2238.0,7439.0,8288.0,5893.0,14181.0,24245.0,157492.0,182025.0
"Kahului-Wailuku-Lahaina, HI",1037.0,19.0,252.0,34.0,286.0,2986.0,3309.0,6295.0,7142.0,2731.0,9873.0,16473.0,143837.0,161347.0
"Kalamazoo-Portage, MI",1427.0,1274.0,2000.0,755.0,2755.0,9025.0,3814.0,12839.0,6790.0,12433.0,19223.0,36091.0,221340.0,258858.0
"Kalispell, MT Micro Area",,,,,,,,,,,,,,
"Kankakee, IL",298.0,58.0,0.0,436.0,436.0,2136.0,148.0,2284.0,3306.0,332.0,3638.0,6416.0,98134.0,104848.0
"Kansas City, MO-KS",7757.0,6415.0,5150.0,6172.0,11322.0,29019.0,31568.0,60587.0,105547.0,106332.0,211879.0,290203.0,1886328.0,2184288.0
"Kapaa, HI Micro Area",,,,,,,,,,,,,,
"Keene, NH Micro Area",,,,,,,,,,,,,,
"Kennewick-Richland, WA",841.0,1431.0,758.0,1600.0,2358.0,7133.0,6346.0,13479.0,7542.0,14135.0,21677.0,38945.0,268121.0,307907.0
"Key West, FL Micro Area",,,,,,,,,,,,,,
"Killeen-Temple, TX",8231.0,3460.0,2840.0,1720.0,4560.0,22979.0,19945.0,42924.0,21612.0,28505.0,50117.0,101061.0,379093.0,488385.0
"Kingsport-Bristol, TN-VA",191.0,2021.0,2074.0,261.0,2335.0,4848.0,2216.0,7064.0,6826.0,4032.0,10858.0,22278.0,285745.0,308214.0
"Kingston, NY",757.0,184.0,418.0,84.0,502.0,6735.0,2768.0,9503.0,6898.0,1427.0,8325.0,18514.0,161214.0,180485.0
"Klamath Falls, OR Micro Area",,,,,,,,,,,,,,
"Knoxville, TN",3903.0,1784.0,4808.0,2795.0,7603.0,20763.0,12097.0,32860.0,43789.0,21516.0,65305.0,107552.0,788154.0,899609.0
"Kokomo, IN",341.0,370.0,679.0,520.0,1199.0,1033.0,858.0,1891.0,738.0,4025.0,4763.0,8223.0,74144.0,82708.0
"La Crosse-Onalaska, WI-MN",131.0,3691.0,370.0,1016.0,1386.0,2964.0,2269.0,5233.0,2677.0,7892.0,10569.0,20879.0,116783.0,137793.0
"Lafayette, LA",623.0,409.0,1425.0,332.0,1757.0,2918.0,5698.0,8616.0,28010.0,11992.0,40002.0,50784.0,422725.0,474132.0
"Lafayette-West Lafayette, IN",4378.0,2496.0,590.0,912.0,1502.0,10120.0,7230.0,17350.0,7414.0,20703.0,28117.0,49465.0,169586.0,223429.0
"LaGrange, GA-AL Micro Area",,,,,,,,,,,,,,
"Lake Charles, LA",1334.0,183.0,1980.0,384.0,2364.0,3124.0,2004.0,5128.0,11058.0,11587.0,22645.0,30320.0,172442.0,204096.0
"Lake City, FL Micro Area",,,,,,,,,,,,,,
"Lake Havasu City-Kingman, AZ",394.0,817.0,605.0,200.0,805.0,8891.0,7509.0,16400.0,6666.0,6509.0,13175.0,31197.0,187733.0,219324.0
"Lakeland-Winter Haven, FL",8307.0,3105.0,601.0,1141.0,1742.0,34312.0,18715.0,53027.0,31408.0,17266.0,48674.0,106548.0,664916.0,779771.0
"Lancaster, PA",792.0,320.0,464.0,84.0,548.0,13987.0,5528.0,19515.0,29372.0,6017.0,35389.0,55772.0,493062.0,549626.0
"Lansing-East Lansing, MI",2335.0,1310.0,3045.0,317.0,3362.0,22404.0,7594.0,29998.0,25961.0,21034.0,46995.0,81665.0,451330.0,535330.0
"Laredo, TX",2981.0,230.0,71.0,357.0,428.0,1030.0,1513.0,2543.0,459.0,18404.0,18863.0,22064.0,240248.0,265293.0
"Las Cruces, NM",1416.0,786.0,1755.0,916.0,2671.0,3585.0,5521.0,9106.0,2158.0,8953.0,11111.0,23674.0,195296.0,220386.0
"Las Vegas-Henderson-Paradise, NV",12921.0,2012.0,3376.0,5193.0,8569.0,49427.0,46132.0,95559.0,90657.0,106986.0,197643.0,303783.0,1981693.0,2298397.0
"Laurel, MS Micro Area",,,,,,,,,,,,,,
"Lawrence, KS",262.0,988.0,144.0,1599.0,1743.0,7751.0,6846.0,14597.0,493.0,12177.0,12670.0,29998.0,88487.0,118747.0
"Lawton, OK",1506.0,1249.0,1213.0,972.0,2185.0,5045.0,4325.0,9370.0,2731.0,9021.0,11752.0,24556.0,100013.0,126075.0
"Lebanon, NH-VT Micro Area",,,,,,,,,,,,,,
"Lebanon, PA",143.0,0.0,1174.0,53.0,1227.0,2769.0,940.0,3709.0,3205.0,2895.0,6100.0,11036.0,131331.0,142510.0
"Lewiston, ID-WA",107.0,195.0,871.0,696.0,1567.0,968.0,202.0,1170.0,1833.0,4290.0,6123.0,9055.0,55612.0,64774.0
"Lewiston-Auburn, ME",624.0,1480.0,222.0,146.0,368.0,3271.0,1091.0,4362.0,2337.0,5766.0,8103.0,14313.0,96800.0,111737.0
"Lexington-Fayette, KY",3841.0,5697.0,2567.0,1876.0,4443.0,14796.0,6398.0,21194.0,13374.0,37252.0,50626.0,81960.0,427067.0,512868.0
"Lima, OH",56.0,701.0,804.0,200.0,1004.0,701.0,3028.0,3729.0,3508.0,2788.0,6296.0,11730.0,88006.0,99792.0
"Lincoln, NE",2144.0,3322.0,2196.0,1370.0,3566.0,6197.0,7800.0,13997.0,3798.0,28762.0,32560.0,53445.0,282052.0,337641.0
"Little Rock-North Little Rock-Conway, AR",800.0,6888.0,2548.0,1306.0,3854.0,12078.0,12725.0,24803.0,32875.0,27455.0,60330.0,95875.0,650314.0,746989.0
"Logan, UT-ID",1004.0,1198.0,190.0,641.0,831.0,6074.0,3505.0,9579.0,3427.0,11025.0,14452.0,26060.0,126349.0,153413.0
"London, KY Micro Area",,,,,,,,,,,,,,
"Longview, TX",532.0,1331.0,360.0,1193.0,1553.0,7735.0,8325.0,16060.0,14356.0,4536.0,18892.0,37836.0,249993.0,288361.0
"Longview, WA",19.0,181.0,179.0,95.0,274.0,2255.0,1868.0,4123.0,4355.0,2909.0,7264.0,11842.0,99304.0,111165.0
"Los Angeles-Long Beach-Anaheim, CA",100131.0,1930.0,4051.0,3922.0,7973.0,128974.0,146625.0,275599.0,373026.0,521483.0,894509.0,1180011.0,11468330.0,12748472.0
"Louisville/Jefferson County, KY-IN",5002.0,4466.0,2303.0,2185.0,4488.0,18860.0,15816.0,34676.0,106039.0,225.0,106264.0,149894.0,1114303.0,1269199.0
"Lubbock, TX",1212.0,3151.0,1090.0,6232.0,7322.0,5990.0,11142.0,17132.0,3610.0,37296.0,40906.0,68511.0,255298.0,325021.0
"Lufkin, TX Micro Area",,,,,,,,,,,,,,
"Lumberton, NC Micro Area",,,,,,,,,,,,,,
"Lynchburg, VA",802.0,1191.0,857.0,355.0,1212.0,8063.0,4592.0,12655.0,10478.0,9276.0,19754.0,34812.0,223734.0,259348.0
"Macon-Bibb County, GA",287.0,204.0,532.0,289.0,821.0,10532.0,4447.0,14979.0,1455.0,15192.0,16647.0,32651.0,200369.0,233307.0
"Madera, CA",0.0,248.0,699.0,22.0,721.0,3983.0,5294.0,9277.0,1278.0,3250.0,4528.0,14774.0,142796.0,157570.0
"Madison, WI",5210.0,3412.0,3615.0,2766.0,6381.0,20474.0,16921.0,37395.0,28320.0,39954.0,68274.0,115462.0,560391.0,681063.0
"Manchester-Nashua, NH",1047.0,294.0,2307.0,481.0,2788.0,11872.0,2928.0,14800.0,7237.0,9627.0,16864.0,34746.0,386853.0,422646.0
"Manhattan, KS",2185.0,1119.0,1512.0,1172.0,2684.0,3858.0,5252.0,9110.0,6720.0,6416.0,13136.0,26049.0,103245.0,131479.0
"Manitowoc, WI Micro Area",,,,,,,,,,,,,,
"Mankato, MN",975.0,695.0,238.0,490.0,728.0,3595.0,1307.0,4902.0,3598.0,6132.0,9730.0,16055.0,86202.0,103232.0
"Mansfield, OH",399.0,311.0,2591.0,1516.0,4107.0,1838.0,1502.0,3340.0,4890.0,3611.0,8501.0,16259.0,107153.0,123811.0
"Marinette, WI-MI Micro Area",,,,,,,,,,,,,,
"Marion, IN Micro Area",,,,,,,,,,,,,,
"Marion, OH Micro Area",,,,,,,,,,,,,,
"Marquette, MI Micro Area",,,,,,,,,,,,,,
"Mayagüez, PR",,,,,,,,,,,,,,
"McAllen-Edinburg-Mission, TX",7279.0,528.0,769.0,985.0,1754.0,7052.0,8201.0,15253.0,41037.0,30154.0,71191.0,88726.0,779052.0,875057.0
"Meadville, PA Micro Area",,,,,,,,,,,,,,
"Medford, OR",690.0,399.0,692.0,911.0,1603.0,4769.0,5539.0,10308.0,11125.0,8424.0,19549.0,31859.0,187175.0,219724.0
"Memphis, TN-MS-AR",5203.0,3610.0,3121.0,4910.0,8031.0,17023.0,14907.0,31930.0,47720.0,61648.0,109368.0,152939.0,1157502.0,1315644.0
"Merced, CA",2293.0,117.0,95.0,180.0,275.0,4453.0,5031.0,9484.0,11893.0,7603.0,19496.0,29372.0,254249.0,285914.0
"Meridian, MS Micro Area",,,,,,,,,,,,,,
"Miami-Fort Lauderdale-Pompano Beach, FL",118607.0,1655.0,3639.0,2797.0,6436.0,88787.0,66443.0,155230.0,284794.0,179198.0,463992.0,627313.0,5340222.0,6086142.0
"Michigan City-La Porte, IN",73.0,256.0,172.0,106.0,278.0,5669.0,2511.0,8180.0,2846.0,6219.0,9065.0,17779.0,93272.0,111124.0
"Midland, MI",183.0,362.0,112.0,0.0,112.0,3720.0,1380.0,5100.0,1546.0,2239.0,3785.0,9359.0,73281.0,82823.0
"Midland, TX",64.0,2358.0,482.0,540.0,1022.0,3685.0,7903.0,11588.0,2997.0,9551.0,12548.0,27516.0,145973.0,173553.0
"Milwaukee-Waukesha, WI",5887.0,3222.0,2312.0,2647.0,4959.0,20768.0,18393.0,39161.0,62654.0,81196.0,143850.0,191192.0,1347829.0,1544908.0
"Minneapolis-St. Paul-Bloomington, MN-WI",18936.0,10059.0,4780.0,7017.0,11797.0,36045.0,45148.0,81193.0,198135.0,150762.0,348897.0,451946.0,3182036.0,3652918.0
"Minot, ND Micro Area",,,,,,,,,,,,,,
"Missoula, MT",607.0,1020.0,542.0,1135.0,1677.0,2486.0,2260.0,4746.0,923.0,9432.0,10355.0,17798.0,101628.0,120033.0
"Mobile, AL",561.0,1267.0,774.0,345.0,1119.0,6900.0,4883.0,11783.0,8750.0,17767.0,26517.0,40686.0,382380.0,423627.0
"Modesto, CA",2039.0,22.0,249.0,285.0,534.0,11714.0,8800.0,20514.0,19912.0,15099.0,35011.0,56081.0,486696.0,544816.0
"Monroe, LA",358.0,767.0,59.0,362.0,421.0,2088.0,2533.0,4621.0,6554.0,5711.0,12265.0,18074.0,182488.0,200920.0
"Monroe, MI",97.0,90.0,0.0,186.0,186.0,2811.0,3484.0,6295.0,7441.0,1830.0,9271.0,15842.0,137956.0,153895.0
"Montgomery, AL",1590.0,910.0,1187.0,889.0,2076.0,5351.0,5736.0,11087.0,8531.0,29525.0,38056.0,52129.0,330575.0,384294.0
"Morehead City, NC Micro Area",,,,,,,,,,,,,,
"Morgantown, WV",528.0,1488.0,1229.0,397.0,1626.0,7951.0,3334.0,11285.0,7159.0,3005.0,10164.0,24563.0,114397.0,139488.0
"Morristown, TN",134.0,284.0,1089.0,891.0,1980.0,5195.0,671.0,5866.0,3490.0,1478.0,4968.0,13098.0,132273.0,145505.0
"Moses Lake, WA Micro Area",,,,,,,,,,,,,,
"Mount Airy, NC Micro Area",,,,,,,,,,,,,,
"Mount Vernon-Anacortes, WA",716.0,190.0,557.0,226.0,783.0,3710.0,5015.0,8725.0,3450.0,2357.0,5807.0,15505.0,113999.0,130220.0
"Muncie, IN",277.0,283.0,475.0,271.0,746.0,6162.0,4367.0,10529.0,4224.0,11605.0,15829.0,27387.0,83388.0,111052.0
"Muskegon, MI",670.0,2215.0,1771.0,183.0,1954.0,5097.0,2365.0,7462.0,7815.0,5322.0,13137.0,24768.0,149306.0,174744.0
"Muskogee, OK Micro Area",,,,,,,,,,,,,,
"Myrtle Beach-Conway-North Myrtle Beach, SC-NC",928.0,1317.0,1241.0,368.0,1609.0,24839.0,9062.0,33901.0,21335.0,7403.0,28738.0,65565.0,465095.0,531588.0
"Napa, CA",369.0,0.0,112.0,0.0,112.0,2513.0,3340.0,5853.0,1870.0,3524.0,5394.0,11359.0,121853.0,133581.0
"Naples-Marco Island, FL",5626.0,45.0,1388.0,0.0,1388.0,13603.0,6158.0,19761.0,14954.0,3295.0,18249.0,39443.0,348934.0,394003.0
"Nashville-Davidson--Murfreesboro--Franklin, TN",12130.0,3475.0,3044.0,6063.0,9107.0,46974.0,42916.0,89890.0,71263.0,118381.0,189644.0,292116.0,1717591.0,2021837.0
"New Bern, NC",170.0,346.0,902.0,465.0,1367.0,6351.0,2445.0,8796.0,3903.0,2139.0,6042.0,16551.0,103954.0,120675.0
"New Castle, PA Micro Area",,,,,,,,,,,,,,
"New Haven-Milford, CT",5219.0,69.0,2052.0,307.0,2359.0,21679.0,26726.0,48405.0,28991.0,9626.0,38617.0,89450.0,767168.0,861837.0
"New Orleans-Metairie, LA",6406.0,243.0,1414.0,848.0,2262.0,18018.0,16809.0,34827.0,48050.0,39652.0,87702.0,125034.0,1100676.0,1232116.0
"New Philadelphia-Dover, OH Micro Area",,,,,,,,,,,,,,
"New York-Newark-Jersey City, NY-NJ-PA",174797.0,5987.0,5841.0,3570.0,9411.0,126849.0,144802.0,271651.0,647333.0,782722.0,1430055.0,1717104.0,17524279.0,19416180.0
"Niles, MI",534.0,820.0,136.0,372.0,508.0,2693.0,2688.0,5381.0,8210.0,702.0,8912.0,15621.0,134786.0,150941.0
"North Port-Sarasota-Bradenton, FL",6696.0,2306.0,3449.0,1666.0,5115.0,44229.0,17699.0,61928.0,38400.0,17416.0,55816.0,125165.0,755201.0,887062.0
"North Wilkesboro, NC Micro Area",,,,,,,,,,,,,,
"Norwich-New London, CT",792.0,210.0,585.0,553.0,1138.0,8178.0,5373.0,13551.0,11522.0,4272.0,15794.0,30693.0,236409.0,267894.0
"Oak Harbor, WA Micro Area",,,,,,,,,,,,,,
"Ocala, FL",1064.0,635.0,945.0,1341.0,2286.0,12129.0,7006.0,19135.0,11744.0,5167.0,16911.0,38967.0,352502.0,392533.0
"Ocean City, NJ",51.0,0.0,0.0,0.0,0.0,6352.0,597.0,6949.0,4217.0,460.0,4677.0,11626.0,83328.0,95005.0
"Odessa, TX",1775.0,49.0,47.0,358.0,405.0,3285.0,2538.0,5823.0,2423.0,3987.0,6410.0,12687.0,143122.0,157584.0
"Ogden-Clearfield, UT",2120.0,542.0,264.0,316.0,580.0,14199.0,9260.0,23459.0,33193.0,13621.0,46814.0,71395.0,632198.0,705713.0
"Ogdensburg-Massena, NY Micro Area",,,,,,,,,,,,,,
"Oklahoma City, OK",6587.0,6331.0,5584.0,6859.0,12443.0,25986.0,29188.0,55174.0,75736.0,75179.0,150915.0,224863.0,1212012.0,1443462.0
"Olean, NY Micro Area",,,,,,,,,,,,,,
"Olympia-Lacey-Tumwater, WA",2046.0,605.0,2564.0,2281.0,4845.0,13156.0,9812.0,22968.0,6121.0,13101.0,19222.0,47640.0,246826.0,296512.0
"Omaha-Council Bluffs, NE-IA",5877.0,3126.0,3138.0,3035.0,6173.0,10959.0,10519.0,21478.0,29143.0,48237.0,77380.0,108157.0,850032.0,964066.0
"Opelousas, LA Micro Area",,,,,,,,,,,,,,
"Orangeburg, SC Micro Area",,,,,,,,,,,,,,
"Orlando-Kissimmee-Sanford, FL",38718.0,2449.0,3483.0,1475.0,4958.0,86726.0,58023.0,144749.0,142496.0,60630.0,203126.0,355282.0,2343014.0,2737014.0
"Oshkosh-Neenah, WI",290.0,1854.0,1068.0,1103.0,2171.0,3257.0,2780.0,6037.0,2149.0,6976.0,9125.0,19187.0,149632.0,169109.0
"Ottawa, IL Micro Area",,,,,,,,,,,,,,
"Owensboro, KY",446.0,815.0,32.0,47.0,79.0,1708.0,1407.0,3115.0,1841.0,4053.0,5894.0,9903.0,108486.0,118835.0
"Oxnard-Thousand Oaks-Ventura, CA",3631.0,0.0,407.0,62.0,469.0,11915.0,17159.0,29074.0,18632.0,30437.0,49069.0,78612.0,742621.0,824864.0
"Paducah, KY-IL Micro Area",,,,,,,,,,,,,,
"Palatka, FL Micro Area",,,,,,,,,,,,,,
"Palm Bay-Melbourne-Titusville, FL",4637.0,523.0,1061.0,1107.0,2168.0,19781.0,11163.0,30944.0,20583.0,17899.0,38482.0,72117.0,548755.0,625509.0
"Panama City, FL",746.0,810.0,112.0,771.0,883.0,13801.0,2771.0,16572.0,8253.0,2627.0,10880.0,29145.0,153006.0,182897.0
"Parkersburg-Vienna, WV",180.0,983.0,120.0,108.0,228.0,527.0,501.0,1028.0,2876.0,1163.0,4039.0,6278.0,82161.0,88619.0
"Pensacola-Ferry Pass-Brent, FL",3758.0,1192.0,1460.0,1383.0,2843.0,25309.0,12630.0,37939.0,27113.0,12791.0,39904.0,81878.0,432250.0,517886.0
"Peoria, IL",1677.0,587.0,1016.0,579.0,1595.0,4990.0,6632.0,11622.0,20537.0,13031.0,33568.0,47372.0,343888.0,392937.0
"Philadelphia-Camden-Wilmington, PA-NJ-DE-MD",36036.0,3047.0,3134.0,3297.0,6431.0,96621.0,61468.0,158089.0,296131.0,163393.0,459524.0,627091.0,5515890.0,6179017.0
"Phoenix-Mesa-Chandler, AZ",31075.0,8582.0,11401.0,7134.0,18535.0,102112.0,84273.0,186385.0,144804.0,294609.0,439413.0,652915.0,4278865.0,4962855.0
"Pine Bluff, AR",132.0,420.0,238.0,165.0,403.0,608.0,782.0,1390.0,2746.0,4134.0,6880.0,9093.0,74399.0,83624.0
"Pinehurst-Southern Pines, NC Micro Area",,,,,,,,,,,,,,
"Pittsburgh, PA",10006.0,1839.0,3977.0,1364.0,5341.0,29650.0,21570.0,51220.0,138269.0,37790.0,176059.0,234459.0,2083701.0,2328166.0
"Pittsfield, MA",576.0,307.0,120.0,218.0,338.0,3908.0,2793.0,6701.0,3034.0,2825.0,5859.0,13205.0,113484.0,127265.0
"Plattsburgh, NY Micro Area",,,,,,,,,,,,,,
"Pocatello, ID",582.0,981.0,229.0,237.0,466.0,2934.0,2380.0,5314.0,1681.0,5321.0,7002.0,13763.0,82742.0,97087.0
"Ponce, PR",,,,,,,,,,,,,,
"Port Angeles, WA Micro Area",,,,,,,,,,,,,,
"Portland-South Portland, ME",1897.0,2659.0,1645.0,250.0,1895.0,12958.0,8698.0,21656.0,19460.0,9157.0,28617.0,54827.0,499414.0,556138.0
"Portland-Vancouver-Hillsboro, OR-WA",9928.0,4209.0,6162.0,3372.0,9534.0,35481.0,55065.0,90546.0,107258.0,137698.0,244956.0,349245.0,2125896.0,2485069.0
"Port St. Lucie, FL",1672.0,599.0,345.0,133.0,478.0,19652.0,10756.0,30408.0,11803.0,9891.0,21694.0,53179.0,461049.0,515900.0
"Portsmouth, OH Micro Area",,,,,,,,,,,,,,
"Pottsville, PA Micro Area",,,,,,,,,,,,,,
"Poughkeepsie-Newburgh-Middletown, NY",3704.0,409.0,1759.0,620.0,2379.0,18670.0,14940.0,33610.0,20791.0,4881.0,25672.0,62070.0,630305.0,696079.0
"Prescott Valley-Prescott, AZ",886.0,949.0,690.0,963.0,1653.0,10467.0,9866.0,20333.0,8401.0,4479.0,12880.0,35815.0,207744.0,244445.0
"Providence-Warwick, RI-MA",11287.0,1206.0,828.0,460.0,1288.0,39348.0,14381.0,53729.0,81100.0,19696.0,100796.0,157019.0,1489227.0,1657533.0
"Provo-Orem, UT",4569.0,1572.0,4654.0,2837.0,7491.0,29629.0,12726.0,42355.0,31532.0,39566.0,71098.0,122516.0,576354.0,703439.0
"Pueblo, CO",1129.0,1571.0,179.0,329.0,508.0,4514.0,3450.0,7964.0,1285.0,8738.0,10023.0,20066.0,147436.0,168631.0
"Punta Gorda, FL",1053.0,154.0,1909.0,515.0,2424.0,12404.0,6435.0,18839.0,4657.0,1180.0,5837.0,27254.0,172915.0,201222.0
"Quincy, IL-MO Micro Area",,,,,,,,,,,,,,
"Racine, WI",1222.0,289.0,311.0,1023.0,1334.0,4015.0,4184.0,8199.0,5524.0,9786.0,15310.0,25132.0,167690.0,194044.0
"Raleigh-Cary, NC",9173.0,1736.0,3897.0,2900.0,6797.0,38627.0,29122.0,67749.0,39711.0,55940.0,95651.0,171933.0,1287610.0,1468716.0
"Rapid City, SD",374.0,1799.0,1334.0,1226.0,2560.0,3094.0,3243.0,6337.0,4511.0,7124.0,11635.0,22331.0,120589.0,143294.0
"Reading, PA",2074.0,281.0,697.0,839.0,1536.0,9220.0,7139.0,16359.0,12061.0,10642.0,22703.0,40879.0,383516.0,426469.0
"Red Bluff, CA Micro Area",,,,,,,,,,,,,,
"Redding, CA",1066.0,560.0,702.0,333.0,1035.0,3218.0,1493.0,4711.0,4945.0,10935.0,15880.0,22186.0,156491.0,179743.0
"Reno, NV",1551.0,632.0,1157.0,1669.0,2826.0,7421.0,9367.0,16788.0,17849.0,29036.0,46885.0,67131.0,427808.0,496490.0
"Rexburg, ID Micro Area",,,,,,,,,,,,,,
"Richmond, IN Micro Area",,,,,,,,,,,,,,
"Richmond, VA",4941.0,6272.0,2218.0,816.0,3034.0,35555.0,17519.0,53074.0,81401.0,33779.0,115180.0,177560.0,1145485.0,1327986.0
"Richmond-Berea, KY Micro Area",,,,,,,,,,,,,,
"Rio Grande City-Roma, TX Micro Area",,,,,,,,,,,,,,
"Riverside-San Bernardino-Ontario, CA",20859.0,1638.0,2071.0,811.0,2882.0,90289.0,64372.0,154661.0,178335.0,87362.0,265697.0,424878.0,4169592.0,4615329.0
"Roanoke, VA",517.0,784.0,374.0,252.0,626.0,6181.0,2930.0,9111.0,8574.0,6859.0,15433.0,25954.0,285935.0,312406.0
"Roanoke Rapids, NC Micro Area",,,,,,,,,,,,,,
"Rochester, MN",1953.0,698.0,1462.0,1252.0,2714.0,4018.0,6742.0,10760.0,6838.0,10960.0,17798.0,31970.0,191041.0,224964.0
"Rochester, NY",4254.0,1686.0,3797.0,1146.0,4943.0,22636.0,11404.0,34040.0,54882.0,27999.0,82881.0,123550.0,943753.0,1071557.0
"Rockford, IL",1734.0,788.0,616.0,1330.0,1946.0,7348.0,2813.0,10161.0,8220.0,13178.0,21398.0,34293.0,296335.0,332362.0
"Rocky Mount, NC",261.0,520.0,1594.0,69.0,1663.0,3728.0,2878.0,6606.0,7230.0,2960.0,10190.0,18979.0,124119.0,143359.0
"Rome, GA",66.0,244.0,267.0,1485.0,1752.0,4721.0,740.0,5461.0,5070.0,2622.0,7692.0,15149.0,83197.0,98412.0
"Roseburg, OR Micro Area",,,,,,,,,,,,,,
"Russellville, AR Micro Area",,,,,,,,,,,,,,
"Sacramento-Roseville-Folsom, CA",20677.0,750.0,1793.0,1579.0,3372.0,47064.0,41030.0,88094.0,111215.0,78087.0,189302.0,281518.0,2092702.0,2394897.0
"Saginaw, MI",347.0,466.0,1020.0,133.0,1153.0,5692.0,1915.0,7607.0,8355.0,2259.0,10614.0,19840.0,165978.0,186165.0
"St. Cloud, MN",609.0,1861.0,426.0,878.0,1304.0,4536.0,2482.0,7018.0,6346.0,10636.0,16982.0,27165.0,171643.0,199417.0
"St. George, UT",38.0,1543.0,2170.0,278.0,2448.0,8323.0,5733.0,14056.0,5014.0,9235.0,14249.0,32296.0,162692.0,195026.0
"St. Joseph, MO-KS",443.0,674.0,410.0,529.0,939.0,2594.0,1166.0,3760.0,1677.0,3592.0,5269.0,10642.0,106980.0,118065.0
"St. Louis, MO-IL",9916.0,6036.0,3995.0,6778.0,10773.0,27023.0,29509.0,56532.0,193841.0,37771.0,231612.0,304953.0,2455977.0,2770846.0
"Salem, OH Micro Area",,,,,,,,,,,,,,
"Salem, OR",842.0,527.0,769.0,335.0,1104.0,11051.0,11162.0,22213.0,18892.0,15964.0,34856.0,58700.0,372237.0,431779.0
"Salinas, CA",3803.0,222.0,311.0,446.0,757.0,11345.0,9385.0,20730.0,15649.0,10829.0,26478.0,48187.0,377495.0,429485.0
"Salisbury, MD-DE",1017.0,582.0,200.0,332.0,532.0,20437.0,5729.0,26166.0,18751.0,3702.0,22453.0,49733.0,384785.0,435535.0
"Salt Lake City, UT",9131.0,1776.0,2486.0,2800.0,5286.0,32625.0,17501.0,50126.0,83428.0,29180.0,112608.0,169796.0,1072015.0,1250942.0
"San Angelo, TX",723.0,799.0,849.0,340.0,1189.0,1752.0,2776.0,4528.0,779.0,10045.0,10824.0,17340.0,101817.0,119880.0
"San Antonio-New Braunfels, TX",18360.0,6329.0,3282.0,4599.0,7881.0,57467.0,57523.0,114990.0,85011.0,197325.0,282336.0,411536.0,2192703.0,2622599.0
"San Diego-Chula Vista-Carlsbad, CA",29410.0,1615.0,2753.0,1640.0,4393.0,66374.0,64387.0,130761.0,88943.0,141539.0,230482.0,367251.0,2846494.0,3243155.0
"Sandusky, OH Micro Area",,,,,,,,,,,,,,
"Sanford, NC Micro Area",,,,,,,,,,,,,,
"San Francisco-Oakland-Berkeley, CA",51907.0,1591.0,2661.0,1558.0,4219.0,59990.0,101766.0,161756.0,176010.0,182478.0,358488.0,526054.0,3953895.0,4531856.0
"San Germán, PR",,,,,,,,,,,,,,
"San Jose-Sunnyvale-Santa Clara, CA",35356.0,403.0,1047.0,780.0,1827.0,43937.0,48628.0,92565.0,24425.0,133586.0,158011.0,252806.0,1632192.0,1920354.0
"San Juan-Bayamón-Caguas, PR",,,,,,,,,,,,,,
"San Luis Obispo-Paso Robles, CA",643.0,395.0,328.0,67.0,395.0,8393.0,8891.0,17284.0,18044.0,8375.0,26419.0,44493.0,234156.0,279292.0
"Santa Cruz-Watsonville, CA",821.0,252.0,1107.0,170.0,1277.0,9755.0,11202.0,20957.0,5974.0,8148.0,14122.0,36608.0,224430.0,261859.0
"Santa Fe, NM",409.0,88.0,738.0,93.0,831.0,2148.0,4436.0,6584.0,877.0,6938.0,7815.0,15318.0,139023.0,154750.0
"Santa Maria-Santa Barbara, CA",3801.0,0.0,405.0,2.0,407.0,12112.0,15142.0,27254.0,23494.0,19251.0,42745.0,70406.0,365611.0,439818.0
"Santa Rosa-Petaluma, CA",1998.0,46.0,32.0,409.0,441.0,12991.0,9742.0,22733.0,11344.0,17343.0,28687.0,51907.0,423986.0,477891.0
"Savannah, GA",1932.0,1110.0,2807.0,1393.0,4200.0,20070.0,19896.0,39966.0,24210.0,11130.0,35340.0,80616.0,331578.0,414126.0
"Scranton--Wilkes-Barre, PA",2883.0,753.0,1371.0,312.0,1683.0,13497.0,10077.0,23574.0,23019.0,14186.0,37205.0,63215.0,495860.0,561958.0
"Searcy, AR Micro Area",,,,,,,,,,,,,,
"Seattle-Tacoma-Bellevue, WA",47226.0,2304.0,8584.0,6467.0,15051.0,62831.0,79372.0,142203.0,203002.0,224673.0,427675.0,587233.0,3359284.0,3993743.0
"Sebastian-Vero Beach, FL",522.0,358.0,228.0,652.0,880.0,9079.0,3991.0,13070.0,3692.0,1387.0,5079.0,19387.0,146446.0,166355.0
"Sebring-Avon Park, FL",1391.0,458.0,161.0,139.0,300.0,4095.0,2827.0,6922.0,2828.0,1044.0,3872.0,11552.0,92438.0,105381.0
"Seneca, SC Micro Area",,,,,,,,,,,,,,
"Sevierville, TN Micro Area",,,,,,,,,,,,,,
"Shawnee, OK Micro Area",,,,,,,,,,,,,,
"Sheboygan, WI",494.0,292.0,215.0,467.0,682.0,2235.0,2556.0,4791.0,4426.0,2545.0,6971.0,12736.0,103552.0,116782.0
"Shelby, NC Micro Area",,,,,,,,,,,,,,
"Shelton, WA Micro Area",,,,,,,,,,,,,,
"Sherman-Denison, TX",129.0,734.0,942.0,992.0,1934.0,5973.0,5201.0,11174.0,3276.0,3393.0,6669.0,20511.0,121086.0,141726.0
"Show Low, AZ Micro Area",,,,,,,,,,,,,,
"Shreveport-Bossier City, LA",1413.0,1351.0,1675.0,383.0,2058.0,4808.0,5589.0,10397.0,10846.0,25935.0,36781.0,50587.0,328501.0,380501.0
"Sierra Vista-Douglas, AZ",179.0,251.0,241.0,545.0,786.0,2420.0,2238.0,4658.0,2161.0,4989.0,7150.0,12845.0,112087.0,125111.0
"Sioux City, IA-NE-SD",1037.0,1511.0,184.0,356.0,540.0,673.0,1801.0,2474.0,3206.0,4354.0,7560.0,12085.0,136701.0,149823.0
"Sioux Falls, SD",789.0,4456.0,799.0,2922.0,3721.0,3970.0,2662.0,6632.0,5012.0,21066.0,26078.0,40887.0,243405.0,285081.0
"Somerset, KY Micro Area",,,,,,,,,,,,,,
"Somerset, PA Micro Area",,,,,,,,,,,,,,
"South Bend-Mishawaka, IN-MI",2373.0,1155.0,1449.0,69.0,1518.0,8015.0,7351.0,15366.0,10126.0,13548.0,23674.0,41713.0,276459.0,320545.0
"Spartanburg, SC",1749.0,571.0,1602.0,295.0,1897.0,16757.0,6607.0,23364.0,17619.0,4028.0,21647.0,47479.0,293089.0,342317.0
"Spokane-Spokane Valley, WA",528.0,1665.0,3141.0,3084.0,6225.0,15579.0,9622.0,25201.0,18274.0,29055.0,47329.0,80420.0,511477.0,592425.0
"Springfield, IL",303.0,1046.0,112.0,448.0,560.0,3203.0,924.0,4127.0,4096.0,11487.0,15583.0,21316.0,180789.0,202408.0
"Springfield, MA",8777.0,611.0,611.0,0.0,611.0,18825.0,8192.0,27017.0,36502.0,10571.0,47073.0,75312.0,605346.0,689435.0
"Springfield, MO",1352.0,6177.0,1609.0,2413.0,4022.0,14797.0,7588.0,22385.0,20562.0,17881.0,38443.0,71027.0,407719.0,480098.0
"Springfield, OH",402.0,111.0,1322.0,245.0,1567.0,2907.0,3680.0,6587.0,2304.0,3560.0,5864.0,14129.0,118675.0,133206.0
"State College, PA",2617.0,169.0,1390.0,517.0,1907.0,15586.0,6725.0,22311.0,7871.0,6157.0,14028.0,38415.0,116361.0,157393.0
"Statesboro, GA Micro Area",,,,,,,,,,,,,,
"Staunton, VA",687.0,595.0,192.0,48.0,240.0,4039.0,2880.0,6919.0,5407.0,2532.0,7939.0,15693.0,109233.0,125613.0
"Stevens Point, WI Micro Area",,,,,,,,,,,,,,
"Stillwater, OK Micro Area",,,,,,,,,,,,,,
"Stockton, CA",5648.0,222.0,158.0,331.0,489.0,19348.0,12906.0,32254.0,19709.0,25084.0,44793.0,77758.0,699970.0,783376.0
"Sumter, SC",784.0,439.0,373.0,547.0,920.0,4249.0,5202.0,9451.0,3732.0,3979.0,7711.0,18521.0,113768.0,133073.0
"Sunbury, PA Micro Area",,,,,,,,,,,,,,
"Syracuse, NY",2396.0,944.0,2291.0,1251.0,3542.0,17431.0,9225.0,26656.0,30655.0,20936.0,51591.0,82733.0,561679.0,646808.0
"Talladega-Sylacauga, AL Micro Area",,,,,,,,,,,,,,
"Tallahassee, FL",1645.0,1872.0,1087.0,505.0,1592.0,20476.0,10538.0,31014.0,10217.0,29653.0,39870.0,74348.0,310865.0,386858.0
"Tampa-St. Petersburg-Clearwater, FL",37218.0,3406.0,4717.0,2770.0,7487.0,107031.0,58767.0,165798.0,156751.0,96528.0,253279.0,429970.0,2795665.0,3262853.0
"Terre Haute, IN",481.0,2356.0,676.0,629.0,1305.0,5147.0,2199.0,7346.0,8007.0,6710.0,14717.0,25724.0,155942.0,182147.0
"Texarkana, TX-AR",0.0,2390.0,768.0,300.0,1068.0,3525.0,3370.0,6895.0,6874.0,3261.0,10135.0,20488.0,122347.0,142835.0
"The Villages, FL",86.0,279.0,849.0,723.0,1572.0,8451.0,5723.0,14174.0,2406.0,1960.0,4366.0,20391.0,123928.0,144405.0
"Toledo, OH",1492.0,792.0,2906.0,1072.0,3978.0,13581.0,4912.0,18493.0,25417.0,25860.0,51277.0,74540.0,557219.0,633251.0
"Topeka, KS",669.0,1782.0,791.0,2533.0,3324.0,4153.0,4190.0,8343.0,8296.0,15985.0,24281.0,37730.0,190881.0,229280.0
"Torrington, CT Micro Area",,,,,,,,,,,,,,
"Traverse City, MI Micro Area",,,,,,,,,,,,,,
"Trenton-Princeton, NJ",3934.0,97.0,2.0,113.0,115.0,13300.0,8508.0,21808.0,13068.0,10119.0,23187.0,45207.0,327792.0,376933.0
"Truckee-Grass Valley, CA Micro Area",,,,,,,,,,,,,,
"Tucson, AZ",9275.0,1857.0,3236.0,1504.0,4740.0,26985.0,31110.0,58095.0,28582.0,67006.0,95588.0,160280.0,877217.0,1046772.0
"Tullahoma-Manchester, TN Micro Area",,,,,,,,,,,,,,
"Tulsa, OK",5605.0,4050.0,2185.0,4687.0,6872.0,12282.0,12216.0,24498.0,49181.0,48101.0,97282.0,132702.0,882988.0,1021295.0
"Tupelo, MS Micro Area",,,,,,,,,,,,,,
"Tuscaloosa, AL",2034.0,1600.0,2012.0,1736.0,3748.0,10946.0,3961.0,14907.0,8689.0,17350.0,26039.0,46294.0,226612.0,274940.0
"Twin Falls, ID",263.0,465.0,1037.0,297.0,1334.0,2114.0,2192.0,4306.0,5645.0,2949.0,8594.0,14699.0,102326.0,117288.0
"Tyler, TX",424.0,767.0,613.0,431.0,1044.0,5422.0,5497.0,10919.0,3572.0,6775.0,10347.0,23077.0,215732.0,239233.0
"Ukiah, CA Micro Area",,,,,,,,,,,,,,
"Urban Honolulu, HI",9917.0,1648.0,5592.0,1457.0,7049.0,23799.0,16659.0,40458.0,37007.0,35934.0,72941.0,122096.0,854036.0,986049.0
"Utica-Rome, NY",293.0,781.0,1095.0,487.0,1582.0,4944.0,4869.0,9813.0,8202.0,9895.0,18097.0,30273.0,255643.0,286209.0
"Valdosta, GA",459.0,1081.0,1917.0,546.0,2463.0,4528.0,1977.0,6505.0,5171.0,5990.0,11161.0,21210.0,127629.0,149298.0
"Vallejo, CA",3291.0,103.0,218.0,267.0,485.0,10836.0,6765.0,17601.0,15891.0,7401.0,23292.0,41481.0,399513.0,444285.0
"Victoria, TX",113.0,639.0,797.0,498.0,1295.0,1799.0,1859.0,3658.0,259.0,6959.0,7218.0,12810.0,82676.0,95599.0
"Vineland-Bridgeton, NJ",722.0,89.0,0.0,0.0,0.0,2900.0,4208.0,7108.0,3044.0,4348.0,7392.0,14589.0,134435.0,149746.0
"Virginia Beach-Norfolk-Newport News, VA-NC",12799.0,4011.0,2677.0,2652.0,5329.0,56625.0,35985.0,92610.0,46768.0,108170.0,154938.0,256888.0,1514914.0,1784601.0
"Visalia, CA",2715.0,21.0,293.0,1069.0,1362.0,2575.0,5575.0,8150.0,14915.0,9530.0,24445.0,33978.0,435043.0,471736.0
"Waco, TX",1073.0,2221.0,108.0,580.0,688.0,8240.0,9577.0,17817.0,9718.0,18558.0,28276.0,49002.0,230275.0,280350.0
"Walla Walla, WA",372.0,438.0,265.0,128.0,393.0,2473.0,2670.0,5143.0,1942.0,1595.0,3537.0,9511.0,51747.0,61630.0
"Warner Robins, GA",1948.0,1049.0,538.0,782.0,1320.0,7307.0,2657.0,9964.0,4274.0,5430.0,9704.0,22037.0,172558.0,196543.0
"Warsaw, IN Micro Area",,,,,,,,,,,,,,
"Washington-Arlington-Alexandria, DC-VA-MD-WV",81363.0,11242.0,2131.0,3199.0,5330.0,121552.0,96374.0,217926.0,375361.0,186232.0,561593.0,796091.0,5420457.0,6297911.0
"Waterloo-Cedar Falls, IA",124.0,2917.0,409.0,752.0,1161.0,1056.0,3119.0,4175.0,3898.0,13700.0,17598.0,25851.0,139420.0,165395.0
"Watertown-Fort Atkinson, WI Micro Area",,,,,,,,,,,,,,
"Watertown-Fort Drum, NY",1611.0,294.0,524.0,549.0,1073.0,5586.0,5063.0,10649.0,5675.0,3345.0,9020.0,21036.0,92185.0,114832.0
"Wausau-Weston, WI",1694.0,668.0,945.0,1442.0,2387.0,3849.0,2351.0,6200.0,3825.0,3251.0,7076.0,16331.0,146312.0,164337.0
"Weirton-Steubenville, WV-OH",115.0,463.0,189.0,43.0,232.0,2823.0,1249.0,4072.0,3113.0,5072.0,8185.0,12952.0,99379.0,112446.0
"Wenatchee, WA",667.0,207.0,889.0,831.0,1720.0,1323.0,2357.0,3680.0,3859.0,2626.0,6485.0,12092.0,110288.0,123047.0
"Wheeling, WV-OH",290.0,1090.0,253.0,244.0,497.0,2795.0,1096.0,3891.0,3838.0,2630.0,6468.0,11946.0,123644.0,135880.0
"Whitewater, WI Micro Area",,,,,,,,,,,,,,
"Wichita, KS",2621.0,2344.0,2834.0,2341.0,5175.0,9519.0,7577.0,17096.0,16655.0,43849.0,60504.0,85119.0,557482.0,645222.0
"Wichita Falls, TX",1131.0,1319.0,711.0,773.0,1484.0,6948.0,4175.0,11123.0,2576.0,9279.0,11855.0,25781.0,121095.0,148007.0
"Williamsport, PA",340.0,272.0,1068.0,228.0,1296.0,824.0,2256.0,3080.0,3187.0,1867.0,5054.0,9702.0,101973.0,112015.0
"Wilmington, NC",1398.0,472.0,564.0,2053.0,2617.0,12727.0,7346.0,20073.0,4271.0,10312.0,14583.0,37745.0,258670.0,297813.0
"Wilson, NC Micro Area",,,,,,,,,,,,,,
"Winchester, VA-WV",554.0,209.0,129.0,48.0,177.0,5607.0,875.0,6482.0,6111.0,2322.0,8433.0,15301.0,127825.0,143680.0
"Winston-Salem, NC",3019.0,1894.0,2839.0,389.0,3228.0,17606.0,13328.0,30934.0,19513.0,14968.0,34481.0,70537.0,606994.0,680550.0
"Wisconsin Rapids-Marshfield, WI Micro Area",,,,,,,,,,,,,,
"Wooster, OH Micro Area",,,,,,,,,,,,,,
"Worcester, MA-CT",8522.0,61.0,174.0,221.0,395.0,31955.0,10649.0,42604.0,35749.0,20071.0,55820.0,98880.0,865173.0,972575.0
"Yakima, WA",1284.0,423.0,764.0,706.0,1470.0,1543.0,1679.0,3222.0,10440.0,11648.0,22088.0,27203.0,225237.0,253724.0
"Yauco, PR",,,,,,,,,,,,,,
"York-Hanover, PA",1441.0,147.0,88.0,0.0,88.0,12590.0,4760.0,17350.0,23599.0,5662.0,29261.0,46846.0,406656.0,454943.0
"Youngstown-Warren-Boardman, OH-PA",2108.0,623.0,1830.0,851.0,2681.0,6464.0,7340.0,13804.0,20712.0,8173.0,28885.0,45993.0,483022.0,531123.0
"Yuba City, CA",716.0,56.0,395.0,191.0,586.0,4463.0,4396.0,8859.0,5531.0,3946.0,9477.0,18978.0,160436.0,180130.0
"Yuma, AZ",3231.0,827.0,426.0,180.0,606.0,4277.0,4373.0,8650.0,6359.0,4113.0,10472.0,20555.0,181486.0,205272.0
"Zanesville, OH Micro Area",,,,,,,,,,,,,,
